Away,Home,Away_Score,Home Score,Date
Iowa State,Kansas State,24,21,2025-08-23
Idaho State,UNLV,31,38,2025-08-23
Fresno State,Kansas,7,31,2025-08-23
Sam Houston,Western Kentucky,24,41,2025-08-23
Stanford,Hawai'i,20,23,2025-08-23
Boise State,South Florida,7,34,2025-08-28
Ohio,Rutgers,31,34,2025-08-28
Lafayette,Bowling Green,7,26,2025-08-28
East Carolina,NC State,17,24,2025-08-28
Jacksonville State,UCF,10,17,2025-08-28
Delaware State,Delaware,17,35,2025-08-28
Saint Francis,UL Monroe,0,29,2025-08-28
Wyoming,Akron,10,0,2025-08-28
Central Arkansas,Missouri,6,61,2025-08-28
Elon,Duke,17,45,2025-08-28
UT Martin,Oklahoma State,7,27,2025-08-28
Buffalo,Minnesota,10,23,2025-08-28
Stephen F. Austin,Houston,0,27,2025-08-28
Alabama State,UAB,42,52,2025-08-28
Nebraska,Cincinnati,20,17,2025-08-28
Miami (OH),Wisconsin,0,17,2025-08-28
Stony Brook,San Diego State,0,42,2025-08-28
Western Illinois,Illinois,3,52,2025-08-29
Tarleton State,Army,30,27,2025-08-29
Western Michigan,Michigan State,6,23,2025-08-29
Kennesaw State,Wake Forest,9,10,2025-08-29
App State,Charlotte,34,11,2025-08-29
Wagner,Kansas,7,46,2025-08-29
Auburn,Baylor,38,24,2025-08-29
Georgia Tech,Colorado,27,20,2025-08-29
Bethune-Cookman,Florida International,9,42,2025-08-29
UNLV,Sam Houston,38,21,2025-08-29
Central Michigan,San José State,16,14,2025-08-29
Texas,Ohio State,7,14,2025-08-30
Nevada,Penn State,11,46,2025-08-30
LSU,Clemson,17,10,2025-08-30
Marshall,Georgia,7,45,2025-08-30
Montana State,Oregon,13,59,2025-08-30
Alabama,Florida State,17,31,2025-08-30
Northern Arizona,Arizona State,19,38,2025-08-30
New Mexico,Michigan,17,34,2025-08-30
Long Island University,Florida,0,55,2025-08-30
East Texas A&M,SMU,13,42,2025-08-30
North Dakota,Kansas State,35,38,2025-08-30
Illinois State,Oklahoma,3,35,2025-08-30
UTSA,Texas A&M,24,42,2025-08-30
Old Dominion,Indiana,14,27,2025-08-30
Georgia State,Ole Miss,7,63,2025-08-30
South Dakota,Iowa State,7,55,2025-08-30
Arkansas-Pine Bluff,Texas Tech,7,67,2025-08-30
Syracuse,Tennessee,26,45,2025-08-30
Mississippi State,Southern Miss,34,17,2025-08-30
Florida Atlantic,Maryland,7,39,2025-08-30
Ball State,Purdue,0,31,2025-08-30
Northwestern,Tulane,3,23,2025-08-30
Duquesne,Pittsburgh,9,61,2025-08-30
VMI,Navy,7,52,2025-08-30
Merrimack,Kent State,17,21,2025-08-30
Toledo,Kentucky,16,24,2025-08-30
Fordham,Boston College,10,66,2025-08-30
Robert Morris,West Virginia,3,45,2025-08-30
Central Connecticut,UConn,13,59,2025-08-30
Eastern Kentucky,Louisville,17,51,2025-08-30
Bucknell,Air Force,13,49,2025-08-30
Temple,Massachusetts,42,10,2025-08-30
Holy Cross,Northern Illinois,17,19,2025-08-30
Maine,Liberty,7,28,2025-08-30
Alabama A&M,Arkansas,7,52,2025-08-30
Chattanooga,Memphis,10,45,2025-08-30
UAlbany,Iowa,7,34,2025-08-30
Coastal Carolina,Virginia,7,48,2025-08-30
Weber State,James Madison,10,45,2025-08-30
Charleston Southern,Vanderbilt,3,45,2025-08-30
Austin Peay,Middle Tennessee,34,14,2025-08-30
North Alabama,Western Kentucky,6,55,2025-08-30
Southeast Missouri State,Arkansas State,24,42,2025-08-30
Morgan State,South Alabama,21,38,2025-08-30
Nicholls,Troy,20,38,2025-08-30
Missouri State,USC,13,73,2025-08-30
SE Louisiana,Louisiana Tech,0,24,2025-08-30
UTEP,Utah State,16,28,2025-08-30
Portland State,BYU,0,69,2025-08-30
Rice,Louisiana,14,12,2025-08-30
Eastern Michigan,Texas State,27,52,2025-08-30
Lamar,North Texas,0,51,2025-08-30
Abilene Christian,Tulsa,7,35,2025-08-30
Bryant,New Mexico State,3,19,2025-08-30
Georgia Southern,Fresno State,14,42,2025-08-30
Idaho,Washington State,10,13,2025-08-30
California,Oregon State,34,15,2025-08-30
Hawai'i,Arizona,6,40,2025-08-30
Utah,UCLA,43,10,2025-08-30
Colorado State,Washington,21,38,2025-08-30
Notre Dame,Miami,24,27,2025-08-31
Virginia Tech,South Carolina,11,24,2025-08-31
TCU,North Carolina,48,14,2025-09-01
James Madison,Louisville,14,28,2025-09-05
Western Illinois,Northwestern,7,42,2025-09-05
Northern Illinois,Maryland,9,20,2025-09-05
Eastern Washington,Boise State,14,51,2025-09-05
Grambling,Ohio State,0,70,2025-09-06
Florida International,Penn State,0,34,2025-09-06
Louisiana Tech,LSU,7,23,2025-09-06
Austin Peay,Georgia,6,28,2025-09-06
Bethune-Cookman,Miami,3,45,2025-09-06
Oklahoma State,Oregon,3,69,2025-09-06
San José State,Texas,7,38,2025-09-06
Troy,Clemson,16,27,2025-09-06
South Carolina State,South Carolina,10,38,2025-09-06
Illinois,Duke,45,19,2025-09-06
Arizona State,Mississippi State,20,24,2025-09-06
South Florida,Florida,18,16,2025-09-06
East Texas A&M,Florida State,3,77,2025-09-06
Michigan,Oklahoma,13,24,2025-09-06
Iowa,Iowa State,13,16,2025-09-06
Baylor,SMU,48,45,2025-09-06
Utah State,Texas A&M,22,44,2025-09-06
Ole Miss,Kentucky,30,23,2025-09-06
UL Monroe,Alabama,0,73,2025-09-06
East Tennessee State,Tennessee,17,72,2025-09-06
Kennesaw State,Indiana,9,56,2025-09-06
Kent State,Texas Tech,14,62,2025-09-06
Cal Poly,Utah,9,63,2025-09-06
Northwestern State,Minnesota,0,66,2025-09-06
Virginia,NC State,31,35,2025-09-06
Central Michigan,Pittsburgh,17,45,2025-09-06
UConn,Syracuse,20,27,2025-09-06
Liberty,Jacksonville State,24,34,2025-09-06
Howard,Temple,7,55,2025-09-06
Idaho State,New Mexico,22,32,2025-09-06
Kansas,Missouri,31,42,2025-09-06
Fresno State,Oregon State,36,27,2025-09-06
Gardner-Webb,Georgia Tech,12,59,2025-09-06
Bowling Green,Cincinnati,20,34,2025-09-06
Delaware,Colorado,7,31,2025-09-06
Lindenwood,App State,13,20,2025-09-06
Texas State,UTSA,43,36,2025-09-06
UAB,Navy,24,38,2025-09-06
North Texas,Western Michigan,33,30,2025-09-06
Saint Francis,Buffalo,6,45,2025-09-06
Middle Tennessee,Wisconsin,10,42,2025-09-06
West Virginia,Ohio,10,17,2025-09-06
Northern Iowa,Wyoming,7,31,2025-09-06
Western Carolina,Wake Forest,10,42,2025-09-06
Miami (OH),Rutgers,17,45,2025-09-06
Arkansas State,Arkansas,14,56,2025-09-06
Sacramento State,Nevada,17,20,2025-09-06
Jackson State,Southern Miss,20,38,2025-09-06
Bryant,Massachusetts,27,26,2025-09-06
Texas Southern,California,3,35,2025-09-06
Missouri State,Marshall,21,20,2025-09-06
North Carolina Central,Old Dominion,6,54,2025-09-06
Campbell,East Carolina,3,56,2025-09-06
Florida A&M,Florida Atlantic,14,56,2025-09-06
North Carolina,Charlotte,20,3,2025-09-06
Army,Kansas State,24,21,2025-09-06
Houston,Rice,35,9,2025-09-06
North Carolina A&T,UCF,7,68,2025-09-06
Western Kentucky,Toledo,21,45,2025-09-06
Northern Colorado,Colorado State,17,21,2025-09-06
Memphis,Georgia State,38,16,2025-09-06
Tulane,South Alabama,33,31,2025-09-06
Long Island University,Eastern Michigan,28,23,2025-09-06
Ball State,Auburn,3,42,2025-09-06
Vanderbilt,Virginia Tech,44,20,2025-09-06
Akron,Nebraska,0,68,2025-09-06
Georgia Southern,USC,20,59,2025-09-06
Boston College,Michigan State,40,42,2025-09-06
Southern Illinois,Purdue,17,34,2025-09-06
Charleston Southern,Coastal Carolina,0,13,2025-09-06
UCLA,UNLV,23,30,2025-09-06
McNeese,Louisiana,10,34,2025-09-06
Tulsa,New Mexico State,14,21,2025-09-06
UT Martin,UTEP,17,42,2025-09-06
Weber State,Arizona,3,48,2025-09-06
San Diego State,Washington State,13,36,2025-09-06
Stanford,BYU,3,27,2025-09-06
UC Davis,Washington,10,70,2025-09-06
Sam Houston,Hawai'i,20,37,2025-09-06
NC State,Wake Forest,34,24,2025-09-11
Indiana State,Indiana,0,73,2025-09-12
Colgate,Syracuse,24,66,2025-09-12
Colorado,Houston,20,36,2025-09-12
Kansas State,Arizona,17,23,2025-09-12
New Mexico,UCLA,35,10,2025-09-12
Ohio,Ohio State,9,37,2025-09-13
Villanova,Penn State,6,52,2025-09-13
Florida,LSU,10,20,2025-09-13
Oregon,Northwestern,34,14,2025-09-13
South Florida,Miami,12,49,2025-09-13
Georgia,Tennessee,44,41,2025-09-13
UTEP,Texas,10,27,2025-09-13
Texas A&M,Notre Dame,41,40,2025-09-13
Western Michigan,Illinois,0,38,2025-09-13
Vanderbilt,South Carolina,31,7,2025-09-13
Clemson,Georgia Tech,21,24,2025-09-13
Oklahoma,Temple,42,3,2025-09-13
Iowa State,Arkansas State,24,16,2025-09-13
Arkansas,Ole Miss,35,41,2025-09-13
Wisconsin,Alabama,14,38,2025-09-13
Utah,Wyoming,31,6,2025-09-13
Oregon State,Texas Tech,14,45,2025-09-13
Central Michigan,Michigan,3,63,2025-09-13
South Alabama,Auburn,15,31,2025-09-13
Louisiana,Missouri,10,52,2025-09-13
Houston Christian,Nebraska,7,59,2025-09-13
Towson,Maryland,17,44,2025-09-13
William & Mary,Virginia,16,55,2025-09-13
Samford,Baylor,7,42,2025-09-13
Memphis,Troy,28,7,2025-09-13
Buffalo,Kent State,31,28,2025-09-13
New Hampshire,Ball State,29,34,2025-09-13
UConn,Delaware,41,44,2025-09-13
Norfolk State,Rutgers,10,60,2025-09-13
Youngstown State,Michigan State,24,41,2025-09-13
Washington State,North Texas,10,59,2025-09-13
SMU,Missouri State,28,10,2025-09-13
Pittsburgh,West Virginia,24,31,2025-09-13
Richmond,North Carolina,6,41,2025-09-13
Northwestern State,Cincinnati,0,70,2025-09-13
Incarnate Word,UTSA,20,48,2025-09-13
Morgan State,Toledo,0,60,2025-09-13
Liberty,Bowling Green,13,23,2025-09-13
Middle Tennessee,Nevada,14,13,2025-09-13
Alcorn State,Mississippi State,0,63,2025-09-13
Merrimack,Kennesaw State,13,27,2025-09-13
Eastern Kentucky,Marshall,7,38,2025-09-13
Monmouth,Charlotte,35,42,2025-09-13
USC,Purdue,33,17,2025-09-13
Old Dominion,Virginia Tech,45,26,2025-09-13
Jacksonville State,Georgia Southern,34,41,2025-09-13
Murray State,Georgia State,21,37,2025-09-13
App State,Southern Miss,22,38,2025-09-13
Prairie View A&M,Rice,17,38,2025-09-13
Eastern Michigan,Kentucky,23,48,2025-09-13
Massachusetts,Iowa,7,47,2025-09-13
New Mexico State,Louisiana Tech,14,49,2025-09-13
East Carolina,Coastal Carolina,38,0,2025-09-13
Duke,Tulane,27,34,2025-09-13
Abilene Christian,TCU,21,42,2025-09-13
Navy,Tulsa,42,23,2025-09-13
Florida Atlantic,Florida International,28,38,2025-09-13
Akron,UAB,28,31,2025-09-13
Air Force,Utah State,30,49,2025-09-13
Southern,Fresno State,7,56,2025-09-13
Minnesota,California,14,27,2025-09-13
Boston College,Stanford,20,30,2025-09-13
Texas State,Arizona State,15,34,2025-09-13
Portland State,Hawai'i,3,23,2025-09-13
Rice,Charlotte,28,17,2025-09-18
Tulsa,Oklahoma State,19,12,2025-09-19
Iowa,Rutgers,38,28,2025-09-19
SE Louisiana,LSU,10,56,2025-09-20
Florida,Miami,7,26,2025-09-20
Oregon State,Oregon,7,41,2025-09-20
Kent State,Florida State,10,66,2025-09-20
Sam Houston,Texas,0,55,2025-09-20
Illinois,Indiana,10,63,2025-09-20
Auburn,Oklahoma,17,24,2025-09-20
Tulane,Ole Miss,10,45,2025-09-20
UAB,Tennessee,24,56,2025-09-20
Texas Tech,Utah,34,10,2025-09-20
Temple,Georgia Tech,24,45,2025-09-20
Georgia State,Vanderbilt,21,70,2025-09-20
Michigan,Nebraska,30,27,2025-09-20
South Carolina,Missouri,20,29,2025-09-20
Purdue,Notre Dame,30,56,2025-09-20
Michigan State,USC,31,45,2025-09-20
Arkansas,Memphis,31,32,2025-09-20
Maryland,Wisconsin,27,10,2025-09-20
Syracuse,Clemson,34,21,2025-09-20
Wofford,Virginia Tech,6,38,2025-09-20
SMU,TCU,24,35,2025-09-20
Bowling Green,Louisville,17,40,2025-09-20
UNLV,Miami (OH),41,38,2025-09-20
North Texas,Army,45,38,2025-09-20
South Carolina State,South Florida,14,63,2025-09-20
Wagner,Central Michigan,10,49,2025-09-20
North Carolina,UCF,9,34,2025-09-20
Ball State,UConn,25,31,2025-09-20
James Madison,Liberty,31,13,2025-09-20
Louisiana,Eastern Michigan,31,34,2025-09-20
Troy,Buffalo,21,17,2025-09-20
Toledo,Western Michigan,13,14,2025-09-20
Gardner-Webb,Ohio,35,52,2025-09-20
NC State,Duke,33,45,2025-09-20
Northern Illinois,Mississippi State,10,38,2025-09-20
Idaho,San José State,28,31,2025-09-20
West Virginia,Kansas,10,41,2025-09-20
Delaware,Florida International,38,16,2025-09-20
Arkansas State,Kennesaw State,21,28,2025-09-20
Duquesne,Akron,7,51,2025-09-20
Murray State,Jacksonville State,10,45,2025-09-20
Marshall,Middle Tennessee,42,28,2025-09-20
UT Martin,Missouri State,10,42,2025-09-20
Nevada,Western Kentucky,16,31,2025-09-20
Boise State,Air Force,49,37,2025-09-20
Maine,Georgia Southern,17,45,2025-09-20
Coastal Carolina,South Alabama,38,20,2025-09-20
Washington,Washington State,59,24,2025-09-20
Stanford,Virginia,20,48,2025-09-20
Arizona State,Baylor,27,24,2025-09-20
BYU,East Carolina,34,13,2025-09-20
Southern Miss,Louisiana Tech,20,30,2025-09-20
McNeese,Utah State,7,48,2025-09-20
Nicholls,Texas State,3,35,2025-09-20
UL Monroe,UTEP,31,25,2025-09-20
UTSA,Colorado State,17,16,2025-09-20
Wyoming,Colorado,20,37,2025-09-20
California,San Diego State,0,34,2025-09-20
Fresno State,Hawai'i,23,21,2025-09-20
Army,East Carolina,6,28,2025-09-25
Florida State,Virginia,38,46,2025-09-26
TCU,Arizona State,24,27,2025-09-26
Houston,Oregon State,27,24,2025-09-26
Ohio State,Washington,24,6,2025-09-27
Oregon,Penn State,30,24,2025-09-27
LSU,Ole Miss,19,24,2025-09-27
Alabama,Georgia,24,21,2025-09-27
Auburn,Texas A&M,10,16,2025-09-27
Indiana,Iowa,20,15,2025-09-27
Arizona,Iowa State,14,39,2025-09-27
Tennessee,Mississippi State,41,34,2025-09-27
Georgia Tech,Wake Forest,30,29,2025-09-27
Utah State,Vanderbilt,35,55,2025-09-27
Massachusetts,Missouri,6,42,2025-09-27
USC,Illinois,32,34,2025-09-27
Notre Dame,Arkansas,56,13,2025-09-27
BYU,Colorado,24,21,2025-09-27
Rutgers,Minnesota,28,31,2025-09-27
Duke,Syracuse,38,3,2025-09-27
Louisville,Pittsburgh,34,27,2025-09-27
Cincinnati,Kansas,37,34,2025-09-27
UCF,Kansas State,20,34,2025-09-27
South Alabama,North Texas,22,36,2025-09-27
Bowling Green,Ohio,20,35,2025-09-27
Eastern Michigan,Central Michigan,13,24,2025-09-27
Georgia Southern,James Madison,10,35,2025-09-27
Arkansas State,UL Monroe,16,28,2025-09-27
UCLA,Northwestern,14,17,2025-09-27
California,Boston College,28,24,2025-09-27
Baylor,Oklahoma State,45,27,2025-09-27
Utah,West Virginia,48,14,2025-09-27
UConn,Buffalo,20,17,2025-09-27
San Diego State,Northern Illinois,6,3,2025-09-27
Rice,Navy,13,21,2025-09-27
Akron,Toledo,3,45,2025-09-27
Lindenwood,Miami (OH),0,38,2025-09-27
New Mexico State,New Mexico,20,38,2025-09-27
Hawai'i,Air Force,44,35,2025-09-27
Tulane,Tulsa,31,14,2025-09-27
Middle Tennessee,Kennesaw State,16,24,2025-09-27
Liberty,Old Dominion,7,21,2025-09-27
Rhode Island,Western Michigan,14,47,2025-09-27
Virginia Tech,NC State,23,21,2025-09-27
Jacksonville State,Southern Miss,25,42,2025-09-27
Western Kentucky,Missouri State,27,22,2025-09-27
Memphis,Florida Atlantic,55,26,2025-09-27
Washington State,Colorado State,20,3,2025-09-27
San José State,Stanford,29,30,2025-09-27
App State,Boise State,14,47,2025-09-27
Kentucky,South Carolina,13,35,2025-09-27
Marshall,Louisiana,51,54,2025-09-27
Louisiana Tech,UTEP,30,11,2025-09-27
Sam Houston,New Mexico State,10,37,2025-10-02
West Virginia,BYU,24,38,2025-10-03
Western Kentucky,Delaware,27,24,2025-10-03
Charlotte,South Florida,26,54,2025-10-03
New Mexico,San José State,28,35,2025-10-03
Colorado State,San Diego State,24,45,2025-10-03
Minnesota,Ohio State,3,42,2025-10-04
Miami,Florida State,28,22,2025-10-04
Kent State,Oklahoma,0,44,2025-10-04
Mississippi State,Texas A&M,9,31,2025-10-04
Penn State,UCLA,37,42,2025-10-04
Texas,Florida,21,29,2025-10-04
Vanderbilt,Alabama,14,30,2025-10-04
Texas Tech,Houston,35,11,2025-10-04
Kentucky,Georgia,14,35,2025-10-04
Iowa State,Cincinnati,30,38,2025-10-04
Wisconsin,Michigan,10,24,2025-10-04
Boise State,Notre Dame,7,28,2025-10-04
Illinois,Purdue,43,27,2025-10-04
Virginia,Louisville,30,27,2025-10-04
Boston College,Pittsburgh,7,48,2025-10-04
Clemson,North Carolina,38,10,2025-10-04
Kansas State,Baylor,34,35,2025-10-04
Air Force,Navy,31,34,2025-10-04
Army,UAB,31,13,2025-10-04
Ohio,Ball State,14,20,2025-10-04
Wake Forest,Virginia Tech,30,23,2025-10-04
UTSA,Temple,21,27,2025-10-04
Campbell,NC State,10,56,2025-10-04
Western Michigan,Massachusetts,21,3,2025-10-04
Oklahoma State,Arizona,13,41,2025-10-04
Washington,Maryland,24,20,2025-10-04
UL Monroe,Northwestern,7,42,2025-10-04
Oregon State,App State,23,27,2025-10-04
Syracuse,SMU,18,31,2025-10-04
Florida International,UConn,10,51,2025-10-04
James Madison,Georgia State,14,7,2025-10-04
Central Michigan,Akron,22,28,2025-10-04
Eastern Michigan,Buffalo,30,31,2025-10-04
Miami (OH),Northern Illinois,25,14,2025-10-04
Michigan State,Nebraska,27,38,2025-10-04
Texas State,Arkansas State,30,31,2025-10-04
Coastal Carolina,Old Dominion,7,47,2025-10-04
UNLV,Wyoming,31,17,2025-10-04
South Alabama,Troy,24,31,2025-10-04
Florida Atlantic,Rice,27,21,2025-10-04
Colorado,TCU,21,35,2025-10-04
Kansas,UCF,27,20,2025-10-04
Tulsa,Memphis,7,45,2025-10-04
Duke,California,45,21,2025-10-04
Nevada,Fresno State,17,20,2025-10-04
Missouri State,Middle Tennessee,22,20,2025-10-08
Liberty,UTEP,19,8,2025-10-08
Louisiana Tech,Kennesaw State,7,35,2025-10-09
East Carolina,Tulane,19,26,2025-10-09
Jacksonville State,Sam Houston,29,27,2025-10-09
Southern Miss,Georgia Southern,38,35,2025-10-09
South Florida,North Texas,63,36,2025-10-10
Rutgers,Washington,19,38,2025-10-10
Fresno State,Colorado State,21,49,2025-10-10
Ohio State,Illinois,34,16,2025-10-11
Indiana,Oregon,30,20,2025-10-11
Washington State,Ole Miss,21,24,2025-10-11
Florida,Texas A&M,17,34,2025-10-11
Oklahoma,Texas,6,23,2025-10-11
Alabama,Missouri,27,24,2025-10-11
Kansas,Texas Tech,17,42,2025-10-11
Georgia,Auburn,20,10,2025-10-11
South Carolina,LSU,10,20,2025-10-11
Arkansas,Tennessee,31,34,2025-10-11
Virginia Tech,Georgia Tech,20,35,2025-10-11
Michigan,USC,13,31,2025-10-11
NC State,Notre Dame,7,36,2025-10-11
BYU,Arizona,33,27,2025-10-11
Arizona State,Utah,10,42,2025-10-11
Iowa State,Colorado,17,24,2025-10-11
Pittsburgh,Florida State,34,31,2025-10-11
UCLA,Michigan State,38,13,2025-10-11
Stanford,SMU,10,34,2025-10-11
UCF,Cincinnati,11,20,2025-10-11
Houston,Oklahoma State,39,17,2025-10-11
Louisiana,James Madison,14,24,2025-10-11
Charlotte,Army,7,24,2025-10-11
Miami (OH),Akron,20,7,2025-10-11
Toledo,Bowling Green,23,28,2025-10-11
Northern Illinois,Eastern Michigan,10,16,2025-10-11
Massachusetts,Kent State,6,42,2025-10-11
Northwestern,Penn State,22,21,2025-10-11
Nebraska,Maryland,34,31,2025-10-11
Wake Forest,Oregon State,39,14,2025-10-11
TCU,Kansas State,28,41,2025-10-11
Air Force,UNLV,48,51,2025-10-11
App State,Georgia State,41,20,2025-10-11
Old Dominion,Marshall,24,48,2025-10-11
Ball State,Western Michigan,0,42,2025-10-11
Navy,Temple,32,31,2025-10-11
UAB,Florida Atlantic,33,53,2025-10-11
Iowa,Wisconsin,37,0,2025-10-11
San José State,Wyoming,28,35,2025-10-11
UL Monroe,Coastal Carolina,8,23,2025-10-11
Purdue,Minnesota,20,27,2025-10-11
Clemson,Boston College,41,10,2025-10-11
Rice,UTSA,13,61,2025-10-11
Troy,Texas State,48,41,2025-10-11
New Mexico,Boise State,25,41,2025-10-11
San Diego State,Nevada,44,10,2025-10-11
Utah State,Hawai'i,26,44,2025-10-11
New Mexico State,Liberty,27,30,2025-10-14
Arkansas State,South Alabama,15,14,2025-10-14
Florida International,Western Kentucky,25,6,2025-10-14
Delaware,Jacksonville State,25,38,2025-10-15
UTEP,Sam Houston,35,17,2025-10-15
Tulsa,East Carolina,27,41,2025-10-16
Louisville,Miami,24,21,2025-10-17
Nebraska,Minnesota,6,24,2025-10-17
San José State,Utah State,25,30,2025-10-17
North Carolina,California,18,21,2025-10-17
Ohio State,Wisconsin,34,0,2025-10-18
Michigan State,Indiana,13,38,2025-10-18
Texas A&M,Arkansas,45,42,2025-10-18
Ole Miss,Georgia,35,43,2025-10-18
Tennessee,Alabama,20,37,2025-10-18
Texas Tech,Arizona State,22,26,2025-10-18
Oregon,Rutgers,56,10,2025-10-18
LSU,Vanderbilt,24,31,2025-10-18
Georgia Tech,Duke,27,18,2025-10-18
USC,Notre Dame,24,34,2025-10-18
Oklahoma,South Carolina,26,7,2025-10-18
Utah,BYU,21,24,2025-10-18
Missouri,Auburn,23,17,2025-10-18
Washington State,Virginia,20,22,2025-10-18
Florida Atlantic,South Florida,13,48,2025-10-18
Texas,Kentucky,16,13,2025-10-18
Memphis,UAB,24,31,2025-10-18
Cincinnati,Oklahoma State,49,17,2025-10-18
Washington,Michigan,7,24,2025-10-18
UConn,Boston College,38,23,2025-10-18
Arizona,Houston,28,31,2025-10-18
Baylor,TCU,36,42,2025-10-18
Army,Tulane,17,24,2025-10-18
Central Michigan,Bowling Green,27,6,2025-10-18
Eastern Michigan,Miami (OH),30,44,2025-10-18
West Virginia,UCF,13,45,2025-10-18
Kent State,Toledo,10,45,2025-10-18
Buffalo,Massachusetts,28,21,2025-10-18
Purdue,Northwestern,0,19,2025-10-18
Troy,UL Monroe,37,14,2025-10-18
SMU,Clemson,35,24,2025-10-18
Wyoming,Air Force,21,24,2025-10-18
UNLV,Boise State,31,56,2025-10-18
Coastal Carolina,App State,45,37,2025-10-18
Old Dominion,James Madison,27,63,2025-10-18
Texas State,Marshall,37,40,2025-10-18
Temple,Charlotte,49,14,2025-10-18
Akron,Ball State,28,42,2025-10-18
Northern Illinois,Ohio,21,48,2025-10-18
UTSA,North Texas,17,55,2025-10-18
Mississippi State,Florida,21,23,2025-10-18
Southern Miss,Louisiana,22,10,2025-10-18
Penn State,Iowa,24,25,2025-10-18
Maryland,UCLA,17,20,2025-10-18
Hawai'i,Colorado State,31,19,2025-10-18
Georgia State,Georgia Southern,24,41,2025-10-18
Pittsburgh,Syracuse,30,13,2025-10-18
Nevada,New Mexico,22,24,2025-10-18
Lafayette,Oregon State,13,45,2025-10-18
Florida State,Stanford,13,20,2025-10-18
Kennesaw State,Florida International,45,26,2025-10-21
Western Kentucky,Louisiana Tech,28,27,2025-10-21
Middle Tennessee,Delaware,28,31,2025-10-22
Missouri State,New Mexico State,24,17,2025-10-22
South Alabama,Georgia State,38,31,2025-10-23
North Texas,Charlotte,54,20,2025-10-24
California,Virginia Tech,34,42,2025-10-24
Boise State,Nevada,24,3,2025-10-24
UCLA,Indiana,6,56,2025-10-25
Texas A&M,LSU,49,25,2025-10-25
Alabama,South Carolina,29,22,2025-10-25
Wisconsin,Oregon,7,21,2025-10-25
Syracuse,Georgia Tech,16,41,2025-10-25
Ole Miss,Oklahoma,34,26,2025-10-25
Stanford,Miami,7,42,2025-10-25
Missouri,Vanderbilt,10,17,2025-10-25
BYU,Iowa State,41,27,2025-10-25
Oklahoma State,Texas Tech,0,42,2025-10-25
Virginia,North Carolina,17,16,2025-10-25
Tennessee,Kentucky,56,34,2025-10-25
South Florida,Memphis,31,34,2025-10-25
Boston College,Louisville,24,38,2025-10-25
Baylor,Cincinnati,20,41,2025-10-25
Texas,Mississippi State,45,38,2025-10-25
Illinois,Washington,25,42,2025-10-25
Houston,Arizona State,24,16,2025-10-25
Michigan,Michigan State,31,20,2025-10-25
Northwestern,Nebraska,21,28,2025-10-25
Rutgers,Purdue,27,24,2025-10-25
SMU,Wake Forest,12,13,2025-10-25
Kansas State,Kansas,42,17,2025-10-25
App State,Old Dominion,21,24,2025-10-25
Bowling Green,Kent State,21,24,2025-10-25
Ohio,Eastern Michigan,28,21,2025-10-25
Auburn,Arkansas,33,24,2025-10-25
Akron,Buffalo,24,16,2025-10-25
UConn,Rice,34,37,2025-10-25
Utah State,New Mexico,14,33,2025-10-25
Minnesota,Iowa,3,41,2025-10-25
Toledo,Washington State,7,28,2025-10-25
NC State,Pittsburgh,34,53,2025-10-25
San Diego State,Fresno State,23,0,2025-10-25
UL Monroe,Southern Miss,21,49,2025-10-25
Florida Atlantic,Navy,32,42,2025-10-25
Temple,Tulsa,38,37,2025-10-25
Ball State,Northern Illinois,7,21,2025-10-25
Massachusetts,Central Michigan,13,38,2025-10-25
Western Michigan,Miami (OH),17,26,2025-10-25
TCU,West Virginia,23,17,2025-10-25
Georgia Southern,Arkansas State,24,34,2025-10-25
Louisiana,Troy,23,35,2025-10-25
Colorado State,Wyoming,0,28,2025-10-25
Colorado,Utah,7,53,2025-10-25
UTEP,Kennesaw State,20,33,2025-10-28
James Madison,Texas State,52,20,2025-10-28
Jacksonville State,Middle Tennessee,24,21,2025-10-29
Florida International,Missouri State,21,28,2025-10-29
Marshall,Coastal Carolina,27,44,2025-10-30
Tulane,UTSA,26,48,2025-10-30
Memphis,Rice,38,14,2025-10-31
North Carolina,Syracuse,27,10,2025-10-31
Sam Houston,Louisiana Tech,14,55,2025-10-31
Penn State,Ohio State,14,38,2025-11-01
Indiana,Maryland,55,10,2025-11-01
Georgia,Florida,24,20,2025-11-01
South Carolina,Ole Miss,14,30,2025-11-01
Georgia Tech,NC State,36,48,2025-11-01
Vanderbilt,Texas,31,34,2025-11-01
Miami,SMU,20,26,2025-11-01
Notre Dame,Boston College,25,10,2025-11-01
Texas Tech,Kansas State,43,20,2025-11-01
Oklahoma,Tennessee,33,27,2025-11-01
Virginia,California,31,21,2025-11-01
Louisville,Virginia Tech,28,16,2025-11-01
Cincinnati,Utah,14,45,2025-11-01
Purdue,Michigan,16,21,2025-11-01
West Virginia,Houston,45,35,2025-11-01
USC,Nebraska,21,17,2025-11-01
Rutgers,Illinois,13,35,2025-11-01
Duke,Clemson,46,45,2025-11-01
UCF,Baylor,3,30,2025-11-01
UAB,UConn,19,38,2025-11-01
Army,Air Force,20,17,2025-11-01
Navy,North Texas,17,31,2025-11-01
Buffalo,Bowling Green,28,3,2025-11-01
Arizona State,Iowa State,24,19,2025-11-01
East Carolina,Temple,45,14,2025-11-01
New Mexico,UNLV,40,35,2025-11-01
Michigan State,Minnesota,20,23,2025-11-01
Pittsburgh,Stanford,35,20,2025-11-01
Delaware,Liberty,30,59,2025-11-01
New Mexico State,Western Kentucky,16,35,2025-11-01
Fresno State,Boise State,30,7,2025-11-01
Old Dominion,UL Monroe,31,6,2025-11-01
Louisiana,South Alabama,31,22,2025-11-01
Mississippi State,Arkansas,38,35,2025-11-01
Oklahoma State,Kansas,21,38,2025-11-01
Central Michigan,Western Michigan,21,24,2025-11-01
Arizona,Colorado,52,17,2025-11-01
Wyoming,San Diego State,7,24,2025-11-01
Kentucky,Auburn,10,3,2025-11-01
Washington State,Oregon State,7,10,2025-11-01
Wake Forest,Florida State,7,42,2025-11-01
Arkansas State,Troy,23,10,2025-11-01
Hawai'i,San José State,38,45,2025-11-01
Massachusetts,Akron,10,44,2025-11-04
Miami (OH),Ohio,20,24,2025-11-04
Kent State,Ball State,13,17,2025-11-05
Northern Illinois,Toledo,3,42,2025-11-05
Georgia Southern,App State,25,23,2025-11-06
UTSA,South Florida,23,55,2025-11-06
Northwestern,USC,17,38,2025-11-07
Houston,UCF,30,27,2025-11-07
Tulane,Memphis,38,32,2025-11-07
Ohio State,Purdue,34,10,2025-11-08
Indiana,Penn State,27,24,2025-11-08
Texas A&M,Missouri,38,17,2025-11-08
LSU,Alabama,9,20,2025-11-08
Georgia,Mississippi State,41,21,2025-11-08
The Citadel,Ole Miss,0,49,2025-11-08
BYU,Texas Tech,7,29,2025-11-08
Oregon,Iowa,18,16,2025-11-08
Navy,Notre Dame,10,49,2025-11-08
Wake Forest,Virginia,16,9,2025-11-08
California,Louisville,29,26,2025-11-08
Auburn,Vanderbilt,38,45,2025-11-08
Syracuse,Miami,10,38,2025-11-08
Washington,Wisconsin,10,13,2025-11-08
SMU,Boston College,45,13,2025-11-08
Colorado,West Virginia,22,29,2025-11-08
James Madison,Marshall,35,23,2025-11-08
Southern Miss,Arkansas State,27,21,2025-11-08
Temple,Army,13,14,2025-11-08
Missouri State,Liberty,21,17,2025-11-08
Bowling Green,Eastern Michigan,21,27,2025-11-08
UAB,Rice,17,24,2025-11-08
Maryland,Rutgers,20,35,2025-11-08
Louisiana Tech,Delaware,24,25,2025-11-08
Florida International,Middle Tennessee,56,30,2025-11-08
Jacksonville State,UTEP,30,27,2025-11-08
Charlotte,East Carolina,22,48,2025-11-08
Tulsa,Florida Atlantic,21,40,2025-11-08
Duke,UConn,34,37,2025-11-08
Kansas,Arizona,20,24,2025-11-08
Iowa State,TCU,20,17,2025-11-08
Kennesaw State,New Mexico State,24,21,2025-11-08
Georgia State,Coastal Carolina,27,40,2025-11-08
Stanford,North Carolina,15,20,2025-11-08
Texas State,Louisiana,39,42,2025-11-08
Air Force,San José State,26,16,2025-11-08
Florida State,Clemson,10,24,2025-11-08
Florida,Kentucky,7,38,2025-11-08
Nevada,Utah State,14,51,2025-11-08
Nebraska,UCLA,28,21,2025-11-08
UNLV,Colorado State,42,10,2025-11-08
Sam Houston,Oregon State,21,17,2025-11-08
San Diego State,Hawai'i,6,38,2025-11-08
Kent State,Akron,42,35,2025-11-11
Ohio,Western Michigan,13,17,2025-11-11
Buffalo,Central Michigan,19,38,2025-11-12
Northern Illinois,Massachusetts,45,3,2025-11-12
Toledo,Miami (OH),24,3,2025-11-12
Troy,Old Dominion,0,33,2025-11-13
Minnesota,Oregon,13,42,2025-11-14
Clemson,Louisville,20,19,2025-11-14
UCLA,Ohio State,10,48,2025-11-15
Wisconsin,Indiana,7,31,2025-11-15
South Carolina,Texas A&M,30,31,2025-11-15
Oklahoma,Alabama,23,21,2025-11-15
Texas,Georgia,10,35,2025-11-15
UCF,Texas Tech,9,48,2025-11-15
Florida,Ole Miss,24,34,2025-11-15
Notre Dame,Pittsburgh,37,15,2025-11-15
TCU,BYU,13,44,2025-11-15
Utah,Baylor,55,28,2025-11-15
NC State,Miami,7,41,2025-11-15
Georgia Tech,Boston College,36,34,2025-11-15
Iowa,USC,21,26,2025-11-15
Michigan,Northwestern,24,22,2025-11-15
Virginia,Duke,34,17,2025-11-15
New Mexico State,Tennessee,9,42,2025-11-15
South Florida,Navy,38,41,2025-11-15
Arizona,Cincinnati,30,24,2025-11-15
Kansas State,Oklahoma State,14,6,2025-11-15
Air Force,UConn,16,26,2025-11-15
UTSA,Charlotte,28,7,2025-11-15
Eastern Michigan,Ball State,24,9,2025-11-15
Arkansas,LSU,22,23,2025-11-15
Oregon State,Tulsa,14,31,2025-11-15
West Virginia,Arizona State,23,25,2025-11-15
Tennessee Tech,Kentucky,10,42,2025-11-15
Marshall,Georgia State,30,18,2025-11-15
North Texas,UAB,53,24,2025-11-15
UTEP,Missouri State,24,38,2025-11-15
Colorado State,New Mexico,17,20,2025-11-15
Penn State,Michigan State,28,10,2025-11-15
Maryland,Illinois,6,24,2025-11-15
Middle Tennessee,Western Kentucky,26,42,2025-11-15
San José State,Nevada,10,55,2025-11-15
App State,James Madison,10,58,2025-11-15
South Alabama,UL Monroe,26,14,2025-11-15
Texas State,Southern Miss,41,14,2025-11-15
Memphis,East Carolina,27,31,2025-11-15
Florida Atlantic,Tulane,24,35,2025-11-15
North Carolina,Wake Forest,12,28,2025-11-15
Liberty,Florida International,27,34,2025-11-15
Coastal Carolina,Georgia Southern,40,45,2025-11-15
Purdue,Washington,13,49,2025-11-15
Delaware,Sam Houston,23,26,2025-11-15
Utah State,UNLV,26,29,2025-11-15
Virginia Tech,Florida State,14,34,2025-11-15
Mississippi State,Missouri,27,49,2025-11-15
Kennesaw State,Jacksonville State,26,35,2025-11-15
Louisiana Tech,Washington State,3,28,2025-11-15
Boise State,San Diego State,7,17,2025-11-15
Wyoming,Fresno State,3,24,2025-11-15
Akron,Bowling Green,19,16,2025-11-18
Western Michigan,Northern Illinois,35,19,2025-11-18
Massachusetts,Ohio,14,42,2025-11-18
Miami (OH),Buffalo,37,20,2025-11-19
Central Michigan,Kent State,28,16,2025-11-19
Louisiana,Arkansas State,34,30,2025-11-20
Florida State,NC State,11,21,2025-11-21
Hawai'i,UNLV,10,38,2025-11-21
Rutgers,Ohio State,9,42,2025-11-22
Samford,Texas A&M,0,48,2025-11-22
Charlotte,Georgia,3,35,2025-11-22
USC,Oregon,27,42,2025-11-22
Missouri,Oklahoma,6,17,2025-11-22
Syracuse,Notre Dame,7,70,2025-11-22
Eastern Illinois,Alabama,0,56,2025-11-22
BYU,Cincinnati,26,14,2025-11-22
Kansas State,Utah,47,51,2025-11-22
Miami,Virginia Tech,34,17,2025-11-22
Kentucky,Vanderbilt,17,45,2025-11-22
Pittsburgh,Georgia Tech,42,28,2025-11-22
Arkansas,Texas,37,52,2025-11-22
Michigan,Maryland,45,20,2025-11-22
Tennessee,Florida,31,11,2025-11-22
Illinois,Wisconsin,10,27,2025-11-22
TCU,Houston,17,14,2025-11-22
Tulane,Temple,37,13,2025-11-22
Arizona State,Colorado,42,17,2025-11-22
Minnesota,Northwestern,35,38,2025-11-22
Louisville,SMU,6,38,2025-11-22
Delaware,Wake Forest,14,52,2025-11-22
Kansas,Iowa State,14,38,2025-11-22
Tulsa,Army,26,25,2025-11-22
Washington State,James Madison,20,24,2025-11-22
Baylor,Arizona,17,41,2025-11-22
Old Dominion,Georgia Southern,45,10,2025-11-22
Mercer,Auburn,17,62,2025-11-22
Missouri State,Kennesaw State,34,41,2025-11-22
Nevada,Wyoming,13,7,2025-11-22
Ball State,Toledo,9,38,2025-11-22
Marshall,App State,24,26,2025-11-22
UConn,Florida Atlantic,48,45,2025-11-22
Liberty,Louisiana Tech,28,34,2025-11-22
Sam Houston,Middle Tennessee,17,31,2025-11-22
New Mexico State,UTEP,34,31,2025-11-22
South Florida,UAB,48,18,2025-11-22
Michigan State,Iowa,17,20,2025-11-22
Duke,North Carolina,32,25,2025-11-22
Jacksonville State,Florida International,21,27,2025-11-22
Southern Miss,South Alabama,35,42,2025-11-22
East Carolina,UTSA,24,58,2025-11-22
Oklahoma State,UCF,14,17,2025-11-22
Georgia State,Troy,19,31,2025-11-22
Coastal Carolina,South Carolina,7,51,2025-11-22
Furman,Clemson,10,45,2025-11-22
UL Monroe,Texas State,14,31,2025-11-22
Nebraska,Penn State,10,37,2025-11-22
New Mexico,Air Force,20,3,2025-11-22
Colorado State,Boise State,21,49,2025-11-22
California,Stanford,10,31,2025-11-22
North Texas,Rice,56,24,2025-11-22
Western Kentucky,LSU,10,13,2025-11-22
Washington,UCLA,48,14,2025-11-22
Utah State,Fresno State,28,17,2025-11-22
San José State,San Diego State,3,25,2025-11-22
Bowling Green,Massachusetts,45,14,2025-11-25
Western Michigan,Eastern Michigan,31,21,2025-11-25
Navy,Memphis,28,17,2025-11-27
Indiana,Purdue,56,3,2025-11-28
Texas A&M,Texas,17,27,2025-11-28
Georgia,Georgia Tech,16,9,2025-11-28
Ole Miss,Mississippi State,38,19,2025-11-28
Utah,Kansas,31,21,2025-11-28
Arizona,Arizona State,23,7,2025-11-28
Iowa,Nebraska,40,16,2025-11-28
Ohio,Buffalo,31,26,2025-11-28
Kent State,Northern Illinois,35,31,2025-11-28
Air Force,Colorado State,42,21,2025-11-28
San Diego State,New Mexico,17,23,2025-11-28
Temple,North Texas,25,52,2025-11-28
Boise State,Utah State,25,24,2025-11-28
Ohio State,Michigan,27,9,2025-11-29
Texas Tech,West Virginia,49,0,2025-11-29
Oregon,Washington,26,14,2025-11-29
LSU,Oklahoma,13,17,2025-11-29
Notre Dame,Stanford,49,20,2025-11-29
Alabama,Auburn,27,20,2025-11-29
UCF,BYU,21,41,2025-11-29
Miami,Pittsburgh,38,7,2025-11-29
Vanderbilt,Tennessee,45,24,2025-11-29
UCLA,USC,10,29,2025-11-29
Virginia Tech,Virginia,7,27,2025-11-29
SMU,California,35,38,2025-11-29
Charlotte,Tulane,0,27,2025-11-29
Kentucky,Louisville,0,41,2025-11-29
Clemson,South Carolina,28,14,2025-11-29
Houston,Baylor,31,24,2025-11-29
Colorado,Kansas State,14,24,2025-11-29
Iowa State,Oklahoma State,20,13,2025-11-29
East Carolina,Florida Atlantic,42,3,2025-11-29
Toledo,Central Michigan,21,3,2025-11-29
Ball State,Miami (OH),24,45,2025-11-29
UTEP,Delaware,31,61,2025-11-29
Florida International,Sam Houston,56,16,2025-11-29
Georgia Southern,Marshall,24,19,2025-11-29
Western Kentucky,Jacksonville State,34,37,2025-11-29
Louisiana Tech,Missouri State,42,30,2025-11-29
Georgia State,Old Dominion,10,27,2025-11-29
Arkansas State,App State,30,29,2025-11-29
Boston College,Syracuse,34,12,2025-11-29
Middle Tennessee,New Mexico State,31,24,2025-11-29
UL Monroe,Louisiana,27,30,2025-11-29
South Alabama,Texas State,26,49,2025-11-29
UAB,Tulsa,31,24,2025-11-29
Missouri,Arkansas,31,17,2025-11-29
Wisconsin,Minnesota,7,17,2025-11-29
Penn State,Rutgers,40,36,2025-11-29
Wake Forest,Duke,32,49,2025-11-29
Cincinnati,TCU,23,45,2025-11-29
Kennesaw State,Liberty,48,42,2025-11-29
Troy,Southern Miss,28,18,2025-11-29
Army,UTSA,27,24,2025-11-29
James Madison,Coastal Carolina,59,10,2025-11-29
Florida State,Florida,21,40,2025-11-29
Oregon State,Washington State,8,32,2025-11-29
Maryland,Michigan State,28,38,2025-11-29
Rice,South Florida,3,52,2025-11-29
Northwestern,Illinois,13,20,2025-11-29
North Carolina,NC State,19,42,2025-11-29
UNLV,Nevada,42,17,2025-11-29
Fresno State,San José State,41,14,2025-11-29
Wyoming,Hawai'i,7,27,2025-11-29
North Texas,Tulane,21,34,2025-12-05
Troy,James Madison,14,31,2025-12-05
Kennesaw State,Jacksonville State,19,15,2025-12-05
UNLV,Boise State,21,38,2025-12-05
Indiana,Ohio State,13,10,2025-12-06
Georgia,Alabama,28,7,2025-12-06
BYU,Texas Tech,7,34,2025-12-06
Duke,Virginia,27,20,2025-12-06
Miami (OH),Western Michigan,13,23,2025-12-06
Incarnate Word,Nicholls,6,20,2025-08-23
Idaho State,UNLV,31,38,2025-08-23
Tarleton State,Portland State,42,0,2025-08-23
North Carolina Central,Southern,31,14,2025-08-23
UC Davis,Mercer,,,2025-08-23
Lafayette,Bowling Green,7,26,2025-08-28
McKendree,Indiana State,24,41,2025-08-28
Mercyhurst,Youngstown State,15,24,2025-08-28
Delaware State,Delaware,17,35,2025-08-28
Saint Francis,UL Monroe,0,29,2025-08-28
Dayton,Eastern Illinois,14,24,2025-08-28
Lindenwood,St. Thomas-Minnesota,13,35,2025-08-28
Towson,Norfolk State,27,7,2025-08-28
Central Arkansas,Missouri,6,61,2025-08-28
Elon,Duke,17,45,2025-08-28
UT Martin,Oklahoma State,7,27,2025-08-28
West Georgia,Samford,34,3,2025-08-28
Arkansas Baptist,Houston Christian,0,69,2025-08-28
Upper Iowa,Drake,7,41,2025-08-28
Stephen F. Austin,Houston,0,27,2025-08-28
Alcorn State,Northwestern State,10,20,2025-08-28
Alabama State,UAB,42,52,2025-08-28
Stony Brook,San Diego State,0,42,2025-08-28
Western Illinois,Illinois,3,52,2025-08-29
Tarleton State,Army,30,27,2025-08-29
Campbell,Rhode Island,20,31,2025-08-29
Monmouth,Colgate,42,39,2025-08-29
New Haven,Marist,14,31,2025-08-29
Wagner,Kansas,7,46,2025-08-29
Bethune-Cookman,Florida International,9,42,2025-08-29
Montana State,Oregon,13,59,2025-08-30
Northern Arizona,Arizona State,19,38,2025-08-30
Long Island University,Florida,0,55,2025-08-30
East Texas A&M,SMU,13,42,2025-08-30
North Dakota,Kansas State,35,38,2025-08-30
Illinois State,Oklahoma,3,35,2025-08-30
South Dakota,Iowa State,7,55,2025-08-30
Arkansas-Pine Bluff,Texas Tech,7,67,2025-08-30
Duquesne,Pittsburgh,9,61,2025-08-30
VMI,Navy,7,52,2025-08-30
Merrimack,Kent State,17,21,2025-08-30
North Dakota State,The Citadel,38,0,2025-08-30
Richmond,Lehigh,14,21,2025-08-30
Cumberland (TN),Tennessee Tech,0,65,2025-08-30
Georgetown,Davidson,51,14,2025-08-30
Fordham,Boston College,10,66,2025-08-30
Robert Morris,West Virginia,3,45,2025-08-30
Central Connecticut,UConn,13,59,2025-08-30
William & Mary,Furman,21,23,2025-08-30
Butler,Northern Iowa,14,38,2025-08-30
Virginia Lynchburg,Valparaiso,10,67,2025-08-30
Stonehill,Sacred Heart,7,12,2025-08-30
Eastern Kentucky,Louisville,17,51,2025-08-30
Chadron State,Northern Colorado,3,17,2025-08-30
Hampton,Jackson State,14,28,2025-08-30
Bucknell,Air Force,13,49,2025-08-30
Holy Cross,Northern Illinois,17,19,2025-08-30
Maine,Liberty,7,28,2025-08-30
Howard,Florida A&M,10,9,2025-08-30
Alabama A&M,Arkansas,7,52,2025-08-30
Chattanooga,Memphis,10,45,2025-08-30
North Carolina A&T,Tennessee State,21,24,2025-08-30
Southern,Mississippi Valley State,34,29,2025-08-30
Murray State,East Tennessee State,17,45,2025-08-30
UAlbany,Iowa,7,34,2025-08-30
Weber State,James Madison,10,45,2025-08-30
Gardner-Webb,Western Carolina,52,45,2025-08-30
New Hampshire,North Carolina Central,27,10,2025-08-30
Wofford,South Carolina State,15,16,2025-08-30
Presbyterian,Mercer,15,10,2025-08-30
Allen,Morehead State,31,38,2025-08-30
Charleston Southern,Vanderbilt,3,45,2025-08-30
Austin Peay,Middle Tennessee,34,14,2025-08-30
North Alabama,Western Kentucky,6,55,2025-08-30
Southeast Missouri State,Arkansas State,24,42,2025-08-30
Morgan State,South Alabama,21,38,2025-08-30
Nicholls,Troy,20,38,2025-08-30
Eastern Washington,Incarnate Word,21,31,2025-08-30
Sacramento State,South Dakota State,3,20,2025-08-30
Louisiana Christian University,McNeese,9,54,2025-08-30
Thomas More College,Southern Illinois,3,49,2025-08-30
SE Louisiana,Louisiana Tech,0,24,2025-08-30
Webber International,Stetson,31,21,2025-08-30
Portland State,BYU,0,69,2025-08-30
Lamar,North Texas,0,51,2025-08-30
Abilene Christian,Tulsa,7,35,2025-08-30
Cal Poly,San Diego,41,17,2025-08-30
Sul Ross State,UT Rio Grande Valley,0,66,2025-08-30
Langston,Grambling,7,55,2025-08-30
Idaho State,Southern Utah,24,46,2025-08-30
Bryant,New Mexico State,3,19,2025-08-30
Prairie View A&M,Texas Southern,22,21,2025-08-30
Idaho,Washington State,10,13,2025-08-30
UC Davis,Utah Tech,31,24,2025-08-30
Western Illinois,Northwestern,7,42,2025-09-05
Eastern Washington,Boise State,14,51,2025-09-05
Grambling,Ohio State,0,70,2025-09-06
Austin Peay,Georgia,6,28,2025-09-06
Bethune-Cookman,Miami,3,45,2025-09-06
South Carolina State,South Carolina,10,38,2025-09-06
East Texas A&M,Florida State,3,77,2025-09-06
East Tennessee State,Tennessee,17,72,2025-09-06
Cal Poly,Utah,9,63,2025-09-06
Northwestern State,Minnesota,0,66,2025-09-06
Thomas More College,Dayton,0,38,2025-09-06
Sacred Heart,Lehigh,10,28,2025-09-06
American International,Central Connecticut,7,34,2025-09-06
Lincoln (PA),Duquesne,14,55,2025-09-06
New Haven,Mercyhurst,14,48,2025-09-06
Eastern Illinois,Indiana State,14,38,2025-09-06
Chattanooga,Tennessee Tech,17,45,2025-09-06
UAlbany,Delaware State,32,37,2025-09-06
Bucknell,Marist,34,23,2025-09-06
Wagner,Georgetown,20,31,2025-09-06
Lafayette,Stonehill,42,26,2025-09-06
St. Anselm,Merrimack,6,31,2025-09-06
Truman State,Butler,27,37,2025-09-06
Ferrum,VMI,7,42,2025-09-06
Howard,Temple,7,55,2025-09-06
Robert Morris,Youngstown State,17,56,2025-09-06
Presbyterian,Furman,39,38,2025-09-06
North Dakota State,Tennessee State,59,3,2025-09-06
Idaho State,New Mexico,22,32,2025-09-06
Gardner-Webb,Georgia Tech,12,59,2025-09-06
Lindenwood,App State,13,20,2025-09-06
Saint Francis,Buffalo,6,45,2025-09-06
The Citadel,Samford,40,13,2025-09-06
Northern Iowa,Wyoming,7,31,2025-09-06
St. Thomas-Minnesota,Idaho,30,37,2025-09-06
Western Carolina,Wake Forest,10,42,2025-09-06
Sacramento State,Nevada,17,20,2025-09-06
Jackson State,Southern Miss,20,38,2025-09-06
Utah Tech,Northern Arizona,31,38,2025-09-06
Bryant,Massachusetts,27,26,2025-09-06
Texas Southern,California,3,35,2025-09-06
North Carolina Central,Old Dominion,6,54,2025-09-06
Campbell,East Carolina,3,56,2025-09-06
Florida A&M,Florida Atlantic,14,56,2025-09-06
Elizabeth City State,Hampton,20,27,2025-09-06
Maine,William & Mary,27,28,2025-09-06
Monmouth,Fordham,49,28,2025-09-06
Houston Christian,Eastern Kentucky,10,20,2025-09-06
Colgate,Villanova,17,24,2025-09-06
Virginia State,Norfolk State,31,34,2025-09-06
Richmond,Wofford,14,10,2025-09-06
Warner,Stetson,13,59,2025-09-06
North Carolina A&T,UCF,7,68,2025-09-06
Northern Colorado,Colorado State,17,21,2025-09-06
Long Island University,Eastern Michigan,28,23,2025-09-06
Portland State,North Dakota,20,50,2025-09-06
North Alabama,Southeast Missouri State,21,30,2025-09-06
Holy Cross,New Hampshire,16,19,2025-09-06
Mississippi Valley State,Tarleton State,3,59,2025-09-06
Alcorn State,Alabama A&M,31,41,2025-09-06
Towson,Morgan State,27,22,2025-09-06
Alabama State,Southern,30,7,2025-09-06
Arkansas-Pine Bluff,Central Arkansas,17,41,2025-09-06
Morehead State,Illinois State,13,41,2025-09-06
SE Louisiana,Murray State,45,24,2025-09-06
South Dakota,Lamar,13,20,2025-09-06
Adrian,Valparaiso,10,7,2025-09-06
West Georgia,Nicholls,34,10,2025-09-06
Southern Illinois,Purdue,17,34,2025-09-06
Charleston Southern,Coastal Carolina,0,13,2025-09-06
Rhode Island,Stony Brook,31,17,2025-09-06
UT Rio Grande Valley,Prairie View A&M,27,21,2025-09-06
McNeese,Louisiana,10,34,2025-09-06
Central Washington,Montana,17,42,2025-09-06
South Dakota State,Montana State,30,24,2025-09-06
Davidson,Elon,7,55,2025-09-06
Stephen F. Austin,Abilene Christian,20,28,2025-09-06
UT Martin,UTEP,17,42,2025-09-06
Southern Utah,San Diego,27,30,2025-09-06
Weber State,Arizona,3,48,2025-09-06
UC Davis,Washington,10,70,2025-09-06
Indiana State,Indiana,0,73,2025-09-12
Colgate,Syracuse,24,66,2025-09-12
Villanova,Penn State,6,52,2025-09-13
Houston Christian,Nebraska,7,59,2025-09-13
Towson,Maryland,17,44,2025-09-13
William & Mary,Virginia,16,55,2025-09-13
Samford,Baylor,7,42,2025-09-13
Sacred Heart,Long Island University,24,21,2025-09-13
Lehigh,Duquesne,35,21,2025-09-13
Saint Francis,Central Connecticut,7,31,2025-09-13
Davidson,Tennessee Tech,14,72,2025-09-13
Howard,Morehouse College,38,10,2025-09-13
Marist,Wagner,21,10,2025-09-13
St. Thomas-Minnesota,Northern Michigan,20,7,2025-09-13
Lafayette,Georgetown,42,37,2025-09-13
Butler,Hanover,16,7,2025-09-13
New Hampshire,Ball State,29,34,2025-09-13
Northern Colorado,South Dakota,17,24,2025-09-13
Rhode Island,Holy Cross,9,7,2025-09-13
Elon,Western Carolina,37,31,2025-09-13
North Dakota,Montana,23,24,2025-09-13
San Diego,Montana State,7,41,2025-09-13
Illinois State,Eastern Illinois,42,30,2025-09-13
Bowie State,Delaware State,14,36,2025-09-13
Tuskegee,Jackson State,0,30,2025-09-13
Norfolk State,Rutgers,10,60,2025-09-13
Youngstown State,Michigan State,24,41,2025-09-13
Richmond,North Carolina,6,41,2025-09-13
Northwestern State,Cincinnati,0,70,2025-09-13
Incarnate Word,UTSA,20,48,2025-09-13
Morgan State,Toledo,0,60,2025-09-13
Furman,Campbell,28,24,2025-09-13
Southeast Missouri State,North Dakota State,14,41,2025-09-13
Fordham,Stony Brook,18,41,2025-09-13
VMI,Bucknell,28,35,2025-09-13
Utah Tech,Idaho,6,20,2025-09-13
Lindenwood,Charleston Southern,35,28,2025-09-13
Alabama A&M,Tennessee State,23,21,2025-09-13
Eastern Washington,Northern Iowa,14,17,2025-09-13
Miles College,Alabama State,9,37,2025-09-13
Alcorn State,Mississippi State,0,63,2025-09-13
Merrimack,Kennesaw State,13,27,2025-09-13
Eastern Kentucky,Marshall,7,38,2025-09-13
Monmouth,Charlotte,35,42,2025-09-13
Bentley,Bryant,6,42,2025-09-13
Stonehill,Maine,13,10,2025-09-13
East Tennessee State,West Georgia,31,35,2025-09-13
Lincoln (CA),Arkansas-Pine Bluff,8,34,2025-09-13
Bethune-Cookman,South Carolina State,41,55,2025-09-13
Fayetteville State,North Carolina Central,19,49,2025-09-13
Stetson,Chattanooga,0,63,2025-09-13
Wofford,Mercer,21,22,2025-09-13
West Liberty,Robert Morris,14,28,2025-09-13
Murray State,Georgia State,21,37,2025-09-13
Prairie View A&M,Rice,17,38,2025-09-13
Weber State,McNeese,42,41,2025-09-13
Hampton,North Carolina A&T,30,33,2025-09-13
The Citadel,Gardner-Webb,13,23,2025-09-13
Southern Illinois,UT Martin,37,10,2025-09-13
Valparaiso,Western Illinois,30,51,2025-09-13
Morehead State,Austin Peay,7,56,2025-09-13
Northeastern State,North Alabama,21,49,2025-09-13
Tarleton State,Central Arkansas,56,10,2025-09-13
Kentucky State,Grambling,31,37,2025-09-13
Mississippi Valley State,SE Louisiana,3,56,2025-09-13
Lamar,Texas Southern,31,7,2025-09-13
Drake,South Dakota State,21,37,2025-09-13
Erskine,Presbyterian,14,42,2025-09-13
Albany State,Florida A&M,25,33,2025-09-13
New Haven,UAlbany,24,17,2025-09-13
Abilene Christian,TCU,21,42,2025-09-13
Western Oregon,Cal Poly,7,56,2025-09-13
Sul Ross State,Stephen F. Austin,0,63,2025-09-13
Langston,UT Rio Grande Valley,0,80,2025-09-13
Northern Arizona,Southern Utah,52,49,2025-09-13
Mercyhurst,Sacramento State,28,49,2025-09-13
Southern,Fresno State,7,56,2025-09-13
Portland State,Hawai'i,3,23,2025-09-13
Columbia,Lafayette,14,38,2025-09-19
SE Louisiana,LSU,10,56,2025-09-20
Wofford,Virginia Tech,6,38,2025-09-20
South Carolina State,South Florida,14,63,2025-09-20
Georgetown,Brown,0,46,2025-09-20
San Diego,Princeton,42,35,2025-09-20
Holy Cross,Yale,10,28,2025-09-20
Central State (OH),Morgan State,0,27,2025-09-20
Wagner,Central Michigan,10,49,2025-09-20
Villanova,Monmouth,33,51,2025-09-20
New Hampshire,Dartmouth,20,27,2025-09-20
North Alabama,Illinois State,36,38,2025-09-20
Delaware State,Saint Francis,39,10,2025-09-20
Bluefield University,Presbyterian,3,76,2025-09-20
Harvard,Stetson,59,7,2025-09-20
Fordham,Colgate,21,44,2025-09-20
Pennsylvania,Stonehill,24,21,2025-09-20
Saginaw Valley State,New Haven,28,35,2025-09-20
Drake,South Dakota,21,42,2025-09-20
Mercer,The Citadel,38,0,2025-09-20
VMI,Richmond,14,38,2025-09-20
Dayton,Robert Morris,17,14,2025-09-20
Indiana State,Montana,20,63,2025-09-20
Mercyhurst,Montana State,0,17,2025-09-20
Edward Waters,Bethune-Cookman,9,35,2025-09-20
Gardner-Webb,Ohio,35,52,2025-09-20
Hampton,Howard,7,34,2025-09-20
North Carolina Central,North Carolina A&T,62,20,2025-09-20
Sacred Heart,Norfolk State,31,28,2025-09-20
Valparaiso,North Dakota,7,58,2025-09-20
Idaho,San José State,28,31,2025-09-20
Incarnate Word,Northern Arizona,23,31,2025-09-20
Charleston Southern,William & Mary,7,34,2025-09-20
Samford,Western Carolina,35,50,2025-09-20
Duquesne,Akron,7,51,2025-09-20
Bryant,Campbell,48,50,2025-09-20
Lincoln (CA),Idaho State,0,90,2025-09-20
Eastern Kentucky,West Georgia,12,33,2025-09-20
Long Island University,Rhode Island,7,28,2025-09-20
Youngstown State,Towson,31,28,2025-09-20
Kentucky Christian,Morehead State,28,45,2025-09-20
Lehigh,Bucknell,41,24,2025-09-20
Central Connecticut,Merrimack,14,16,2025-09-20
Murray State,Jacksonville State,10,45,2025-09-20
UT Martin,Missouri State,10,42,2025-09-20
Maine,Georgia Southern,17,45,2025-09-20
Western Illinois,Eastern Washington,31,52,2025-09-20
Northern Colorado,Houston Christian,26,23,2025-09-20
Stony Brook,Lindenwood,27,30,2025-09-20
Southern Illinois,Southeast Missouri State,59,31,2025-09-20
Chattanooga,Tarleton State,24,52,2025-09-20
Lane,Alabama A&M,7,49,2025-09-20
Cornell,UAlbany,10,13,2025-09-20
East Texas A&M,Grambling,28,31,2025-09-20
Northwestern State,Prairie View A&M,24,27,2025-09-20
Greensboro College,Davidson,0,48,2025-09-20
McNeese,Utah State,7,48,2025-09-20
Nicholls,Texas State,3,35,2025-09-20
Cal Poly,Stephen F. Austin,17,35,2025-09-20
Elon,East Tennessee State,16,26,2025-09-20
Austin Peay,Abilene Christian,31,45,2025-09-20
Northern Iowa,Utah Tech,9,20,2025-09-20
Texas Wesleyan,UT Rio Grande Valley,13,61,2025-09-20
Central Arkansas,Sacramento State,16,45,2025-09-20
Butler,Weber State,24,38,2025-09-20
Southern Utah,UC Davis,34,50,2025-09-20
Delaware State,Sacred Heart,31,35,2025-09-27
Norfolk State,Wagner,13,18,2025-09-27
Stetson,Dayton,14,48,2025-09-27
Cornell,Yale,24,41,2025-09-27
Dartmouth,Central Connecticut,35,28,2025-09-27
Georgetown,Columbia,10,19,2025-09-27
Pennsylvania,Lehigh,30,44,2025-09-27
New Haven,Duquesne,18,44,2025-09-27
Towson,Bryant,26,24,2025-09-27
UAlbany,New Hampshire,6,24,2025-09-27
Marist,Butler,28,31,2025-09-27
Morehead State,Presbyterian,0,41,2025-09-27
Holy Cross,Fordham,21,26,2025-09-27
Long Island University,Stonehill,3,10,2025-09-27
Hampton,Elon,20,41,2025-09-27
Utah Tech,Austin Peay,10,42,2025-09-27
Howard,Richmond,12,13,2025-09-27
South Dakota,North Dakota State,13,51,2025-09-27
Idaho State,Northern Colorado,26,18,2025-09-27
Alabama A&M,Bethune-Cookman,34,41,2025-09-27
Alabama State,Florida A&M,42,14,2025-09-27
Miles College,Morgan State,17,24,2025-09-27
Mercyhurst,South Dakota State,7,51,2025-09-27
Lindenwood,Miami (OH),0,38,2025-09-27
Western Carolina,Campbell,42,35,2025-09-27
North Carolina A&T,Maine,30,37,2025-09-27
Merrimack,Stony Brook,10,35,2025-09-27
William & Mary,Villanova,24,31,2025-09-27
Furman,Samford,31,13,2025-09-27
Princeton,Lafayette,38,28,2025-09-27
Eastern Illinois,Western Illinois,31,23,2025-09-27
St. Thomas-Minnesota,San Diego,27,30,2025-09-27
Eastern Washington,Montana State,3,57,2025-09-27
Tennessee Tech,Tennessee State,35,8,2025-09-27
Northern Arizona,Portland State,31,17,2025-09-27
Texas Southern,Mississippi Valley State,23,20,2025-09-27
Mercer,East Tennessee State,38,34,2025-09-27
South Carolina State,Charleston Southern,24,31,2025-09-27
Nicholls,Eastern Kentucky,7,27,2025-09-27
The Citadel,Chattanooga,28,10,2025-09-27
Brown,Harvard,7,41,2025-09-27
Saint Francis,Bucknell,23,30,2025-09-27
Rhode Island,Western Michigan,14,47,2025-09-27
Southeast Missouri State,UT Martin,10,34,2025-09-27
Abilene Christian,Incarnate Word,7,38,2025-09-27
Alcorn State,Arkansas-Pine Bluff,20,24,2025-09-27
North Carolina Central,East Texas A&M,50,42,2025-09-27
Grambling,Prairie View A&M,13,28,2025-09-27
Jackson State,Southern,38,13,2025-09-27
Central Arkansas,Lamar,32,35,2025-09-27
UT Rio Grande Valley,SE Louisiana,31,45,2025-09-27
McNeese,Stephen F. Austin,17,34,2025-09-27
West Georgia,Southern Utah,27,24,2025-09-27
Cal Poly,Sacramento State,32,24,2025-09-27
Weber State,UC Davis,12,34,2025-09-27
Idaho,Montana,30,41,2025-09-27
Rhode Island,Brown,21,28,2025-10-03
Columbia,Princeton,10,17,2025-10-03
San Diego,Marist,14,19,2025-10-04
Sacred Heart,Central Connecticut,35,42,2025-10-04
Richmond,Bucknell,28,33,2025-10-04
Yale,Lehigh,13,31,2025-10-04
Stonehill,Duquesne,14,34,2025-10-04
Fordham,Lafayette,10,24,2025-10-04
Western Illinois,Tennessee Tech,20,66,2025-10-04
Delaware State,Monmouth,38,49,2025-10-04
Villanova,New Hampshire,37,7,2025-10-04
Morgan State,Georgetown,24,27,2025-10-04
Davidson,Stetson,32,35,2025-10-04
Dayton,Morehead State,35,28,2025-10-04
Valparaiso,Drake,0,41,2025-10-04
Dartmouth,Pennsylvania,24,36,2025-10-04
Long Island University,Mercyhurst,13,22,2025-10-04
Robert Morris,Merrimack,7,24,2025-10-04
Pace,New Haven,14,28,2025-10-04
Charleston Southern,Gardner-Webb,27,30,2025-10-04
Savannah State,South Carolina State,6,49,2025-10-04
Chattanooga,VMI,21,14,2025-10-04
Western Carolina,Wofford,23,21,2025-10-04
Campbell,NC State,10,56,2025-10-04
Maine,Bryant,34,14,2025-10-04
UT Martin,Lindenwood,14,30,2025-10-04
East Tennessee State,Furman,22,31,2025-10-04
Butler,St. Thomas-Minnesota,21,14,2025-10-04
Colgate,Cornell,41,21,2025-10-04
Harvard,Holy Cross,59,24,2025-10-04
Tennessee State,Eastern Illinois,7,31,2025-10-04
North Alabama,Abilene Christian,23,52,2025-10-04
Bethune-Cookman,Alabama State,35,52,2025-10-04
Murray State,South Dakota,24,49,2025-10-04
North Carolina A&T,William & Mary,34,38,2025-10-04
Stony Brook,UAlbany,47,12,2025-10-04
Elon,Towson,17,3,2025-10-04
Norfolk State,Hampton,34,41,2025-10-04
West Georgia,Austin Peay,30,44,2025-10-04
Prairie View A&M,Alcorn State,13,12,2025-10-04
Nicholls,Lamar,17,24,2025-10-04
Samford,Mercer,21,45,2025-10-04
Montana State,Northern Arizona,34,10,2025-10-04
Jackson State,Alabama A&M,57,24,2025-10-04
North Dakota,Northern Iowa,35,7,2025-10-04
Utah Tech,Central Arkansas,17,23,2025-10-04
South Dakota State,Youngstown State,35,30,2025-10-04
Portland State,Eastern Washington,27,35,2025-10-04
Southern Utah,Tarleton State,42,52,2025-10-04
Arkansas-Pine Bluff,Texas Southern,7,51,2025-10-04
North Dakota State,Illinois State,33,16,2025-10-04
Indiana State,Southern Illinois,27,55,2025-10-04
East Texas A&M,Northwestern State,40,10,2025-10-04
Stephen F. Austin,Incarnate Word,31,17,2025-10-04
SE Louisiana,McNeese,38,0,2025-10-04
UC Davis,Cal Poly,34,27,2025-10-04
Montana,Idaho State,42,38,2025-10-04
Houston Christian,UT Rio Grande Valley,7,27,2025-10-04
Brown,Bryant,29,19,2025-10-10
Marist,Pennsylvania,9,28,2025-10-10
Cornell,Harvard,10,34,2025-10-10
Southern Connecticut State,Delaware State,23,70,2025-10-11
Mercer,Princeton,38,14,2025-10-11
Lehigh,Columbia,31,7,2025-10-11
Mercyhurst,Wagner,19,7,2025-10-11
Bucknell,Lafayette,24,62,2025-10-11
Maine,Merrimack,20,13,2025-10-11
New Hampshire,Rhode Island,27,38,2025-10-11
South Carolina State,North Carolina A&T,22,16,2025-10-11
Howard,Sacred Heart,14,32,2025-10-11
Virginia Lynchburg,Morgan State,6,44,2025-10-11
South Dakota,Indiana State,19,14,2025-10-11
Presbyterian,Butler,31,25,2025-10-11
St. Thomas-Minnesota,Davidson,57,13,2025-10-11
Morehead State,Stetson,14,21,2025-10-11
Richmond,Colgate,24,19,2025-10-11
Saint Francis,Duquesne,7,52,2025-10-11
Western Connecticut State,New Haven,0,69,2025-10-11
Norfolk State,Wofford,14,31,2025-10-11
Yale,Dartmouth,16,17,2025-10-11
Campbell,Hampton,38,21,2025-10-11
Villanova,Elon,29,21,2025-10-11
Abilene Christian,West Georgia,30,13,2025-10-11
Monmouth,Towson,42,31,2025-10-11
Valdosta State,The Citadel,14,38,2025-10-11
Dayton,Valparaiso,41,10,2025-10-11
Central Connecticut,Robert Morris,24,12,2025-10-11
Furman,Western Carolina,7,52,2025-10-11
Idaho State,Montana State,14,48,2025-10-11
Gardner-Webb,Eastern Illinois,21,10,2025-10-11
Western Illinois,UT Martin,31,32,2025-10-11
Mississippi Valley State,Alabama A&M,25,45,2025-10-11
Lincoln (CA),Alcorn State,0,42,2025-10-11
Southern,Bethune-Cookman,14,45,2025-10-11
North Carolina Central,Florida A&M,45,7,2025-10-11
Northern Iowa,South Dakota State,3,31,2025-10-11
Alabama State,Jackson State,34,38,2025-10-11
Southern Illinois,North Dakota State,17,45,2025-10-11
VMI,East Tennessee State,10,45,2025-10-11
Cal Poly,Montana,9,28,2025-10-11
Tennessee Tech,Charleston Southern,27,13,2025-10-11
Tennessee State,Southeast Missouri State,12,28,2025-10-11
Central Arkansas,North Alabama,49,21,2025-10-11
Youngstown State,North Dakota,17,35,2025-10-11
Northern Colorado,Idaho,49,33,2025-10-11
Drake,San Diego,19,16,2025-10-11
Austin Peay,Eastern Kentucky,20,34,2025-10-11
Northern Arizona,UC Davis,24,45,2025-10-11
Texas Southern,Grambling,21,20,2025-10-11
Illinois State,Murray State,46,32,2025-10-11
Lamar,East Texas A&M,33,23,2025-10-11
Northwestern State,Houston Christian,17,20,2025-10-11
Sacramento State,Weber State,55,27,2025-10-11
Tarleton State,Utah Tech,41,23,2025-10-11
Princeton,Brown,40,21,2025-10-18
Furman,Wofford,13,31,2025-10-18
Butler,Dayton,23,17,2025-10-18
Merrimack,Harvard,7,31,2025-10-18
Robert Morris,Long Island University,7,17,2025-10-18
Stonehill,Yale,7,47,2025-10-18
Hampton,Villanova,14,56,2025-10-18
Eastern Illinois,Southeast Missouri State,13,42,2025-10-18
Stony Brook,Monmouth,21,49,2025-10-18
Youngstown State,Illinois State,40,35,2025-10-18
North Dakota State,Indiana State,38,7,2025-10-18
North Dakota,Southern Illinois,38,19,2025-10-18
Davidson,Drake,0,45,2025-10-18
Stetson,Presbyterian,7,42,2025-10-18
Bucknell,Cornell,20,30,2025-10-18
Dartmouth,Fordham,30,13,2025-10-18
Colgate,Georgetown,17,21,2025-10-18
UT Martin,Gardner-Webb,37,7,2025-10-18
East Tennessee State,Chattanooga,38,42,2025-10-18
Samford,VMI,24,22,2025-10-18
Pennsylvania,Columbia,35,21,2025-10-18
Tennessee Tech,Lindenwood,52,28,2025-10-18
South Dakota State,Murray State,35,14,2025-10-18
South Dakota,Northern Iowa,17,14,2025-10-18
Western Carolina,The Citadel,45,38,2025-10-18
Marist,Morehead State,21,23,2025-10-18
Valparaiso,St. Thomas-Minnesota,17,55,2025-10-18
Holy Cross,Richmond,28,22,2025-10-18
Sacred Heart,Montana,21,43,2025-10-18
Grambling,Arkansas-Pine Bluff,20,16,2025-10-18
Lincoln (CA),Mississippi Valley State,0,49,2025-10-18
New Hampshire,Campbell,24,10,2025-10-18
Elon,William & Mary,21,26,2025-10-18
Rhode Island,UAlbany,58,17,2025-10-18
Charleston Southern,Western Illinois,29,24,2025-10-18
Alcorn State,Florida A&M,28,33,2025-10-18
UT Rio Grande Valley,Lamar,21,23,2025-10-18
Weber State,Portland State,43,27,2025-10-18
Prairie View A&M,Southern,24,3,2025-10-18
Northwestern State,SE Louisiana,0,49,2025-10-18
Central Connecticut,Wagner,24,17,2025-10-18
Howard,Tennessee State,7,24,2025-10-18
East Texas A&M,Incarnate Word,52,45,2025-10-18
Duquesne,Mercyhurst,37,0,2025-10-18
Idaho,Eastern Washington,14,21,2025-10-18
Eastern Kentucky,North Alabama,14,35,2025-10-18
West Georgia,Tarleton State,10,45,2025-10-18
Houston Christian,McNeese,0,27,2025-10-18
Nicholls,Stephen F. Austin,7,34,2025-10-18
Abilene Christian,Southern Utah,24,31,2025-10-18
Northern Colorado,Sacramento State,35,40,2025-10-18
Lafayette,Oregon State,13,45,2025-10-18
Columbia,Dartmouth,3,49,2025-10-24
Montana,Sacramento State,49,35,2025-10-24
San Diego,Davidson,40,28,2025-10-25
Presbyterian,Dayton,19,35,2025-10-25
Drake,Marist,31,17,2025-10-25
Georgetown,Bucknell,31,24,2025-10-25
Harvard,Princeton,35,14,2025-10-25
Duquesne,Wagner,13,24,2025-10-25
Stonehill,Mercyhurst,22,15,2025-10-25
New Haven,Long Island University,16,38,2025-10-25
Pennsylvania,Yale,13,35,2025-10-25
Bryant,Rhode Island,17,38,2025-10-25
Campbell,North Carolina A&T,24,28,2025-10-25
Elon,Maine,14,35,2025-10-25
Southeast Missouri State,Tennessee Tech,23,42,2025-10-25
William & Mary,New Hampshire,24,34,2025-10-25
Delaware State,North Carolina Central,35,26,2025-10-25
Brown,Cornell,24,30,2025-10-25
Morehead State,Valparaiso,17,13,2025-10-25
St. Thomas-Minnesota,Stetson,52,10,2025-10-25
Lehigh,Fordham,27,6,2025-10-25
Colgate,Holy Cross,29,28,2025-10-25
Eastern Illinois,Charleston Southern,16,17,2025-10-25
Monmouth,Hampton,28,10,2025-10-25
Central Arkansas,West Georgia,17,18,2025-10-25
South Carolina State,Norfolk State,51,20,2025-10-25
Illinois State,South Dakota,21,13,2025-10-25
Murray State,Youngstown State,17,51,2025-10-25
The Citadel,Furman,14,24,2025-10-25
Western Illinois,Tennessee State,17,16,2025-10-25
Eastern Washington,Weber State,23,20,2025-10-25
UC Davis,Northern Colorado,27,16,2025-10-25
Gardner-Webb,Lindenwood,48,20,2025-10-25
Tarleton State,Eastern Kentucky,31,7,2025-10-25
Mississippi Valley State,Alcorn State,10,32,2025-10-25
Arkansas-Pine Bluff,Bethune-Cookman,14,31,2025-10-25
Lincoln (CA),Prairie View A&M,0,38,2025-10-25
SE Louisiana,Houston Christian,38,14,2025-10-25
Lamar,Northwestern State,41,14,2025-10-25
Northern Iowa,Southern Illinois,17,31,2025-10-25
VMI,Mercer,0,62,2025-10-25
Robert Morris,Saint Francis,24,14,2025-10-25
Alabama State,Alabama A&M,56,13,2025-10-25
Towson,Stony Brook,19,27,2025-10-25
UAlbany,Villanova,16,29,2025-10-25
Morgan State,Howard,27,33,2025-10-25
Chattanooga,Samford,49,13,2025-10-25
Wofford,East Tennessee State,10,14,2025-10-25
Portland State,Idaho,6,45,2025-10-25
North Alabama,Austin Peay,28,56,2025-10-25
Indiana State,North Dakota,17,46,2025-10-25
McNeese,Nicholls,7,31,2025-10-25
Florida A&M,Southern,43,35,2025-10-25
Northern Arizona,Idaho State,31,18,2025-10-25
Jackson State,Grambling,24,26,2025-10-25
Stephen F. Austin,East Texas A&M,31,21,2025-10-25
Montana State,Cal Poly,34,17,2025-10-25
Southern Utah,Utah Tech,28,7,2025-10-25
Incarnate Word,UT Rio Grande Valley,28,56,2025-10-25
North Dakota State,South Dakota State,38,7,2025-10-25
Norfolk State,Delaware State,20,27,2025-10-30
Brown,Pennsylvania,21,28,2025-10-31
Idaho,Northern Arizona,35,32,2025-10-31
Towson,North Carolina A&T,62,9,2025-11-01
New Haven,Sacred Heart,20,35,2025-11-01
Columbia,Yale,10,24,2025-11-01
Georgetown,Lehigh,0,41,2025-11-01
Long Island University,Central Connecticut,7,10,2025-11-01
Wagner,Saint Francis,23,20,2025-11-01
Monmouth,Bryant,35,7,2025-11-01
Stony Brook,Maine,21,28,2025-11-01
Gardner-Webb,Tennessee Tech,21,27,2025-11-01
Drake,Butler,24,19,2025-11-01
Davidson,Morehead State,24,28,2025-11-01
Valparaiso,Presbyterian,14,43,2025-11-01
Princeton,Cornell,17,20,2025-11-01
Lafayette,Holy Cross,21,13,2025-11-01
Robert Morris,Stonehill,20,17,2025-11-01
Merrimack,Colgate,20,23,2025-11-01
Samford,Wofford,16,26,2025-11-01
Montana State,Northern Colorado,55,7,2025-11-01
Charleston Southern,Southeast Missouri State,23,17,2025-11-01
Morgan State,South Carolina State,30,36,2025-11-01
North Dakota,South Dakota,21,26,2025-11-01
Mercer,Furman,52,28,2025-11-01
VMI,The Citadel,24,35,2025-11-01
Marist,St. Thomas-Minnesota,0,45,2025-11-01
Fordham,Richmond,14,17,2025-11-01
Montana,Weber State,38,17,2025-11-01
UT Martin,Eastern Illinois,27,20,2025-11-01
Alabama A&M,Grambling,10,13,2025-11-01
Alabama State,Prairie View A&M,31,28,2025-11-01
Alcorn State,Texas Southern,33,14,2025-11-01
Southern,Arkansas-Pine Bluff,21,40,2025-11-01
Mississippi Valley State,Bethune-Cookman,34,42,2025-11-01
Northern Iowa,Illinois State,16,31,2025-11-01
Indiana State,South Dakota State,24,12,2025-11-01
Lamar,Incarnate Word,17,24,2025-11-01
Dartmouth,Harvard,10,31,2025-11-01
UAlbany,William & Mary,7,37,2025-11-01
North Carolina Central,Howard,35,14,2025-11-01
Youngstown State,North Dakota State,30,38,2025-11-01
Sacramento State,Eastern Washington,35,13,2025-11-01
Idaho State,UC Davis,38,36,2025-11-01
Tarleton State,Abilene Christian,28,31,2025-11-01
North Alabama,Utah Tech,33,34,2025-11-01
Houston Christian,Nicholls,7,31,2025-11-01
Western Carolina,Chattanooga,35,28,2025-11-01
Dayton,San Diego,13,31,2025-11-01
Lindenwood,Tennessee State,35,13,2025-11-01
Portland State,Cal Poly,40,35,2025-11-01
Eastern Kentucky,Central Arkansas,34,13,2025-11-01
Southern Illinois,Murray State,27,7,2025-11-01
Jackson State,Florida A&M,41,16,2025-11-01
East Texas A&M,SE Louisiana,14,59,2025-11-01
Northwestern State,McNeese,3,50,2025-11-01
UT Rio Grande Valley,Stephen F. Austin,17,41,2025-11-01
Austin Peay,Southern Utah,17,33,2025-11-01
Delaware State,Morgan State,14,12,2025-11-07
Harvard,Columbia,31,14,2025-11-07
The Citadel,Ole Miss,0,49,2025-11-08
New Hampshire,Monmouth,34,13,2025-11-08
North Carolina A&T,Stony Brook,12,38,2025-11-08
Furman,Chattanooga,28,45,2025-11-08
Virginia Lynchburg,Sacred Heart,10,56,2025-11-08
Yale,Brown,34,22,2025-11-08
Holy Cross,Lehigh,3,38,2025-11-08
Stonehill,Central Connecticut,10,40,2025-11-08
Duquesne,Long Island University,11,29,2025-11-08
Wagner,Robert Morris,24,20,2025-11-08
Mercyhurst,Saint Francis,16,15,2025-11-08
Colgate,Lafayette,42,59,2025-11-08
Bryant,UAlbany,27,24,2025-11-08
Maine,Hampton,35,7,2025-11-08
Tennessee Tech,Eastern Illinois,21,9,2025-11-08
Villanova,Towson,28,10,2025-11-08
Illinois State,Indiana State,52,20,2025-11-08
Butler,Morehead State,30,31,2025-11-08
Presbyterian,Davidson,13,14,2025-11-08
St. Thomas-Minnesota,Drake,20,13,2025-11-08
Stetson,Marist,13,41,2025-11-08
San Diego,Valparaiso,43,27,2025-11-08
Bucknell,Fordham,37,19,2025-11-08
Cornell,Pennsylvania,39,17,2025-11-08
Princeton,Dartmouth,17,20,2025-11-08
Richmond,Georgetown,31,24,2025-11-08
Southeast Missouri State,Gardner-Webb,24,27,2025-11-08
Howard,South Carolina State,12,42,2025-11-08
Wofford,VMI,52,10,2025-11-08
William & Mary,Campbell,30,27,2025-11-08
Rhode Island,Elon,34,20,2025-11-08
Lindenwood,Western Illinois,21,24,2025-11-08
Tennessee State,UT Martin,7,26,2025-11-08
Norfolk State,North Carolina Central,28,31,2025-11-08
Incarnate Word,Northwestern State,38,3,2025-11-08
Murray State,Northern Iowa,14,31,2025-11-08
North Dakota State,North Dakota,15,10,2025-11-08
Southern Illinois,Youngstown State,38,48,2025-11-08
Mercer,Western Carolina,49,47,2025-11-08
Eastern Washington,Montana,24,29,2025-11-08
Weber State,Montana State,14,66,2025-11-08
Utah Tech,Abilene Christian,10,31,2025-11-08
Southern Utah,Eastern Kentucky,27,17,2025-11-08
Prairie View A&M,Alabama A&M,48,5,2025-11-08
Texas Southern,Alabama State,24,42,2025-11-08
Florida A&M,Arkansas-Pine Bluff,31,28,2025-11-08
Bethune-Cookman,Grambling,23,31,2025-11-08
Jackson State,Mississippi Valley State,42,3,2025-11-08
Stephen F. Austin,Houston Christian,50,3,2025-11-08
East Tennessee State,Samford,38,14,2025-11-08
Merrimack,New Haven,31,41,2025-11-08
Central Arkansas,Austin Peay,38,41,2025-11-08
West Georgia,North Alabama,24,17,2025-11-08
Southern,Alcorn State,17,35,2025-11-08
SE Louisiana,Lamar,12,14,2025-11-08
South Dakota State,South Dakota,17,24,2025-11-08
Sacramento State,Portland State,52,24,2025-11-08
McNeese,East Texas A&M,35,20,2025-11-08
Cal Poly,Idaho State,17,27,2025-11-08
Northern Colorado,Northern Arizona,10,49,2025-11-08
Nicholls,UT Rio Grande Valley,21,28,2025-11-08
UC Davis,Idaho,28,14,2025-11-08
South Carolina State,North Carolina Central,34,27,2025-11-14
New Hampshire,Bryant,42,14,2025-11-15
Monmouth,North Carolina A&T,63,19,2025-11-15
Morgan State,Norfolk State,35,28,2025-11-15
Indiana State,Youngstown State,29,48,2025-11-15
North Dakota,Murray State,35,17,2025-11-15
East Tennessee State,Western Carolina,52,35,2025-11-15
Davidson,Marist,10,37,2025-11-15
Drake,Dayton,14,6,2025-11-15
Merrimack,Sacred Heart,37,42,2025-11-15
Holy Cross,Bucknell,37,20,2025-11-15
Brown,Columbia,32,29,2025-11-15
Pennsylvania,Harvard,43,45,2025-11-15
Central Connecticut,Duquesne,33,38,2025-11-15
Long Island University,Saint Francis,10,3,2025-11-15
Robert Morris,Mercyhurst,13,27,2025-11-15
Stonehill,Wagner,14,20,2025-11-15
Yale,Princeton,13,10,2025-11-15
William & Mary,Hampton,55,14,2025-11-15
Rhode Island,Maine,45,13,2025-11-15
Stony Brook,Villanova,27,30,2025-11-15
Towson,UAlbany,36,19,2025-11-15
Howard,Delaware State,13,26,2025-11-15
Bethune-Cookman,Jackson State,13,28,2025-11-15
South Dakota,Southern Illinois,53,51,2025-11-15
VMI,Furman,14,32,2025-11-15
Stetson,Valparaiso,31,32,2025-11-15
Cornell,Dartmouth,14,24,2025-11-15
Fordham,Georgetown,0,14,2025-11-15
Lehigh,Colgate,27,7,2025-11-15
Tennessee Tech,Kentucky,10,42,2025-11-15
Elon,Campbell,31,24,2025-11-15
Charleston Southern,UT Martin,14,17,2025-11-15
Southeast Missouri State,Western Illinois,22,17,2025-11-15
Samford,Austin Peay,16,30,2025-11-15
Utah Tech,West Georgia,0,23,2025-11-15
Wofford,The Citadel,16,14,2025-11-15
Presbyterian,St. Thomas-Minnesota,23,9,2025-11-15
Lafayette,Richmond,35,28,2025-11-15
Gardner-Webb,Tennessee State,30,14,2025-11-15
Eastern Illinois,Lindenwood,12,42,2025-11-15
Abilene Christian,Eastern Kentucky,17,10,2025-11-15
Florida A&M,Alabama A&M,26,23,2025-11-15
Grambling,Alcorn State,16,27,2025-11-15
Arkansas-Pine Bluff,Prairie View A&M,9,56,2025-11-15
Illinois State,South Dakota State,35,21,2025-11-15
Texas Southern,Southern,35,30,2025-11-15
SE Louisiana,Incarnate Word,10,7,2025-11-15
Chattanooga,Mercer,17,63,2025-11-15
Northern Iowa,North Dakota State,16,48,2025-11-15
Northern Colorado,Eastern Washington,7,27,2025-11-15
Cal Poly,Northern Arizona,27,35,2025-11-15
Northwestern State,Nicholls,21,26,2025-11-15
Butler,San Diego,7,29,2025-11-15
Montana,Portland State,63,17,2025-11-15
Alabama State,Mississippi Valley State,41,3,2025-11-15
Houston Christian,East Texas A&M,32,37,2025-11-15
Lamar,Stephen F. Austin,15,26,2025-11-15
Weber State,Idaho State,3,31,2025-11-15
North Alabama,Tarleton State,0,61,2025-11-15
UT Rio Grande Valley,McNeese,28,13,2025-11-15
Central Arkansas,Southern Utah,21,28,2025-11-15
Idaho,Sacramento State,20,23,2025-11-15
UC Davis,Montana State,17,38,2025-11-15
Nicholls,SE Louisiana,26,38,2025-11-20
Stephen F. Austin,Northwestern State,62,14,2025-11-20
Samford,Texas A&M,0,48,2025-11-22
Eastern Illinois,Alabama,0,56,2025-11-22
Bryant,Stony Brook,28,35,2025-11-22
UAlbany,Monmouth,31,24,2025-11-22
North Carolina Central,Morgan State,33,14,2025-11-22
Western Carolina,VMI,48,6,2025-11-22
Dartmouth,Brown,28,35,2025-11-22
Harvard,Yale,28,45,2025-11-22
Fordham,Merrimack,26,27,2025-11-22
Mercyhurst,Central Connecticut,28,35,2025-11-22
Wagner,Long Island University,17,24,2025-11-22
Lehigh,Lafayette,42,32,2025-11-22
Campbell,Towson,31,35,2025-11-22
Hampton,Rhode Island,10,38,2025-11-22
Maine,New Hampshire,27,33,2025-11-22
UT Martin,Tennessee Tech,17,20,2025-11-22
Sacred Heart,Villanova,10,34,2025-11-22
Richmond,William & Mary,28,21,2025-11-22
South Carolina State,Delaware State,28,17,2025-11-22
Arkansas-Pine Bluff,Alabama State,13,44,2025-11-22
Southern Illinois,Illinois State,37,7,2025-11-22
Murray State,Indiana State,31,17,2025-11-22
The Citadel,East Tennessee State,26,28,2025-11-22
Valparaiso,Butler,20,27,2025-11-22
Dayton,Davidson,42,14,2025-11-22
Morehead State,Drake,10,17,2025-11-22
Marist,Presbyterian,25,29,2025-11-22
San Diego,Stetson,42,8,2025-11-22
Bucknell,Colgate,19,38,2025-11-22
Columbia,Cornell,29,12,2025-11-22
Saint Francis,Stonehill,10,20,2025-11-22
Princeton,Pennsylvania,6,17,2025-11-22
Western Illinois,Gardner-Webb,29,24,2025-11-22
Chattanooga,Wofford,13,35,2025-11-22
Mercer,Auburn,17,62,2025-11-22
Montana State,Montana,31,28,2025-11-22
Portland State,Northern Colorado,13,24,2025-11-22
Tennessee State,Charleston Southern,6,7,2025-11-22
North Carolina A&T,Elon,17,55,2025-11-22
Lindenwood,Southeast Missouri State,30,13,2025-11-22
Southern Utah,North Alabama,36,34,2025-11-22
South Dakota State,North Dakota,34,31,2025-11-22
Youngstown State,Northern Iowa,35,32,2025-11-22
Duquesne,Robert Morris,20,17,2025-11-22
Northern Arizona,Weber State,28,48,2025-11-22
Alabama A&M,Texas Southern,7,24,2025-11-22
Mississippi Valley State,Prairie View A&M,6,59,2025-11-22
Incarnate Word,Houston Christian,31,10,2025-11-22
Alcorn State,Jackson State,21,27,2025-11-22
Florida A&M,Bethune-Cookman,34,38,2025-11-22
Norfolk State,Howard,15,44,2025-11-22
St. Thomas-Minnesota,North Dakota State,7,62,2025-11-22
Idaho State,Idaho,37,16,2025-11-22
Sacramento State,UC Davis,27,31,2025-11-22
Eastern Kentucky,Utah Tech,33,10,2025-11-22
McNeese,Lamar,21,19,2025-11-22
Georgetown,Holy Cross,7,42,2025-11-22
Furman,Clemson,10,45,2025-11-22
Eastern Washington,Cal Poly,34,43,2025-11-22
Abilene Christian,Central Arkansas,49,28,2025-11-22
Austin Peay,Tarleton State,44,45,2025-11-22
East Texas A&M,UT Rio Grande Valley,14,33,2025-11-22
Tuskegee,Alabama State,21,58,2025-11-27
Yale,Youngstown State,43,42,2025-11-29
Harvard,Villanova,7,52,2025-11-29
Central Connecticut,Rhode Island,19,27,2025-11-29
Lamar,Abilene Christian,20,38,2025-11-29
Illinois State,SE Louisiana,21,3,2025-11-29
North Dakota,Tennessee Tech,31,6,2025-11-29
New Hampshire,South Dakota State,3,41,2025-11-29
Drake,South Dakota,17,38,2025-11-29
Southern,Grambling,28,27,2025-11-29
Florida A&M,Mississippi Valley State,31,35,2025-11-29
Villanova,Lehigh,14,7,2025-12-06
South Dakota,Mercer,47,0,2025-12-06
Illinois State,North Dakota State,29,28,2025-12-06
North Dakota,Tarleton State,13,31,2025-12-06
Prairie View A&M,Jackson State,23,21,2025-12-06
Yale,Montana State,13,21,2025-12-06
South Dakota State,Montana,29,50,2025-12-06
Abilene Christian,Stephen F. Austin,34,41,2025-12-06
Rhode Island,UC Davis,26,47,2025-12-06
