Away,Home,Away_Score,Home_Score,Date
Florida State,Georgia Tech,21,24,2024-08-24
Montana State,New Mexico,35,31,2024-08-24
SMU,Nevada,29,24,2024-08-24
Delaware State,Hawai'i,14,35,2024-08-24
Murray State,Missouri,0,51,2024-08-29
Southern Utah,Utah,0,49,2024-08-29
Lindenwood,Kansas,3,48,2024-08-29
Western Carolina,NC State,21,38,2024-08-29
Howard,Rutgers,7,44,2024-08-29
North Carolina A&T,Wake Forest,13,45,2024-08-29
New Hampshire,UCF,3,57,2024-08-29
Lafayette,Buffalo,13,30,2024-08-29
Fordham,Bowling Green,17,41,2024-08-29
Central Connecticut,Central Michigan,10,66,2024-08-29
Arkansas-Pine Bluff,Arkansas,0,70,2024-08-29
Duquesne,Toledo,10,49,2024-08-29
North Dakota State,Colorado,26,31,2024-08-29
Coastal Carolina,Jacksonville State,55,27,2024-08-29
Alcorn State,UAB,3,41,2024-08-29
SE Louisiana,Tulane,0,52,2024-08-29
Northwestern State,Tulsa,28,62,2024-08-29
North Carolina,Minnesota,19,17,2024-08-29
Jackson State,UL Monroe,14,30,2024-08-29
Eastern Illinois,Illinois,0,45,2024-08-29
Sacramento State,San José State,24,42,2024-08-29
Temple,Oklahoma,3,51,2024-08-30
Lehigh,Army,7,42,2024-08-30
Florida Atlantic,Michigan State,10,16,2024-08-30
Elon,Duke,3,26,2024-08-30
Western Michigan,Wisconsin,14,28,2024-08-30
TCU,Stanford,34,27,2024-08-30
Clemson,Georgia,3,34,2024-08-31
Akron,Ohio State,6,52,2024-08-31
Idaho,Oregon,14,24,2024-08-31
Colorado State,Texas,0,52,2024-08-31
Western Kentucky,Alabama,0,63,2024-08-31
Furman,Ole Miss,0,76,2024-08-31
Notre Dame,Texas A&M,23,13,2024-08-31
Penn State,West Virginia,34,12,2024-08-31
Fresno State,Michigan,10,30,2024-08-31
Chattanooga,Tennessee,3,69,2024-08-31
South Dakota State,Oklahoma State,20,44,2024-08-31
UT Martin,Kansas State,6,41,2024-08-31
Miami,Florida,41,17,2024-08-31
New Mexico,Arizona,39,61,2024-08-31
Illinois State,Iowa,0,40,2024-08-31
Virginia Tech,Vanderbilt,27,34,2024-08-31
UConn,Maryland,7,50,2024-08-31
Austin Peay,Louisville,0,62,2024-08-31
Indiana State,Purdue,0,49,2024-08-31
Kent State,Pittsburgh,24,55,2024-08-31
Bucknell,Navy,21,49,2024-08-31
Towson,Cincinnati,20,38,2024-08-31
Portland State,Washington State,30,70,2024-08-31
Florida International,Indiana,7,31,2024-08-31
UTEP,Nebraska,7,40,2024-08-31
Eastern Michigan,Massachusetts,28,14,2024-08-31
East Tennessee State,App State,10,38,2024-08-31
North Dakota,Iowa State,3,21,2024-08-31
Ohio,Syracuse,22,38,2024-08-31
Kennesaw State,UTSA,16,28,2024-08-31
Merrimack,Air Force,6,21,2024-08-31
Miami (OH),Northwestern,6,13,2024-08-31
Western Illinois,Northern Illinois,15,54,2024-08-31
Boise State,Georgia Southern,56,45,2024-08-31
Old Dominion,South Carolina,19,23,2024-08-31
Stony Brook,Marshall,3,45,2024-08-31
UC Davis,California,13,31,2024-08-31
North Texas,South Alabama,52,38,2024-08-31
Eastern Kentucky,Mississippi State,7,56,2024-08-31
Campbell,Liberty,24,41,2024-08-31
Richmond,Virginia,13,34,2024-08-31
Norfolk State,East Carolina,3,42,2024-08-31
Idaho State,Oregon State,15,38,2024-08-31
Central Arkansas,Arkansas State,31,34,2024-08-31
Bethune-Cookman,South Florida,3,48,2024-08-31
Tarleton State,Baylor,3,45,2024-08-31
UNLV,Houston,27,7,2024-08-31
Tennessee Tech,Middle Tennessee,25,32,2024-08-31
Sam Houston,Rice,34,14,2024-08-31
Nevada,Troy,28,26,2024-08-31
North Alabama,Memphis,0,40,2024-08-31
Alabama A&M,Auburn,3,73,2024-08-31
UCLA,Hawai'i,16,13,2024-08-31
Abilene Christian,Texas Tech,51,52,2024-08-31
Southern Miss,Kentucky,0,31,2024-08-31
Southern Illinois,BYU,13,41,2024-08-31
Georgia State,Georgia Tech,12,35,2024-08-31
Houston Christian,SMU,7,59,2024-08-31
Grambling,Louisiana,10,40,2024-08-31
Nicholls,Louisiana Tech,17,25,2024-08-31
East Texas A&M,San Diego State,14,45,2024-08-31
Robert Morris,Utah State,14,36,2024-08-31
James Madison,Charlotte,30,7,2024-08-31
Lamar,Texas State,27,34,2024-08-31
Southeast Missouri State,New Mexico State,16,23,2024-08-31
Wyoming,Arizona State,7,48,2024-08-31
Weber State,Washington,3,35,2024-08-31
USC,LSU,27,20,2024-09-01
Boston College,Florida State,28,13,2024-09-02
Western Illinois,Indiana,3,77,2024-09-06
BYU,SMU,18,15,2024-09-06
Duke,Northwestern,26,20,2024-09-06
Tennessee Tech,Georgia,3,48,2024-09-07
Western Michigan,Ohio State,0,56,2024-09-07
Texas,Michigan,31,12,2024-09-07
South Florida,Alabama,16,42,2024-09-07
Northern Illinois,Notre Dame,16,14,2024-09-07
Middle Tennessee,Ole Miss,3,52,2024-09-07
Boise State,Oregon,34,37,2024-09-07
Bowling Green,Penn State,27,34,2024-09-07
Buffalo,Missouri,0,38,2024-09-07
Baylor,Utah,12,23,2024-09-07
Florida A&M,Miami,9,56,2024-09-07
Utah State,USC,0,48,2024-09-07
Tennessee,NC State,51,10,2024-09-07
Houston,Oklahoma,12,16,2024-09-07
Arkansas,Oklahoma State,31,39,2024-09-07
Kansas State,Tulane,34,27,2024-09-07
Nicholls,LSU,21,44,2024-09-07
Kansas,Illinois,17,23,2024-09-07
Northern Arizona,Arizona,10,22,2024-09-07
Iowa State,Iowa,20,19,2024-09-07
Jacksonville State,Louisville,14,49,2024-09-07
Georgia Tech,Syracuse,28,31,2024-09-07
App State,Clemson,20,66,2024-09-07
Rhode Island,Minnesota,0,48,2024-09-07
Akron,Rutgers,17,49,2024-09-07
Pittsburgh,Cincinnati,28,27,2024-09-07
Merrimack,UConn,17,63,2024-09-07
Troy,Memphis,17,38,2024-09-07
Army,Florida Atlantic,24,7,2024-09-07
McNeese,Texas A&M,10,52,2024-09-07
Missouri State,Ball State,34,42,2024-09-07
St. Francis (PA),Kent State,23,17,2024-09-07
Utah Tech,UNLV,14,72,2024-09-07
California,Auburn,21,14,2024-09-07
South Carolina,Kentucky,31,6,2024-09-07
Michigan State,Maryland,27,24,2024-09-07
Eastern Michigan,Washington,9,30,2024-09-07
South Dakota,Wisconsin,13,27,2024-09-07
Massachusetts,Toledo,23,38,2024-09-07
Duquesne,Boston College,0,56,2024-09-07
Charlotte,North Carolina,20,38,2024-09-07
Idaho,Wyoming,17,13,2024-09-07
Temple,Navy,11,38,2024-09-07
UTSA,Texas State,10,49,2024-09-07
Marshall,Virginia Tech,14,31,2024-09-07
UAlbany,West Virginia,14,49,2024-09-07
Central Michigan,Florida International,16,52,2024-09-07
Gardner-Webb,James Madison,6,13,2024-09-07
East Carolina,Old Dominion,20,14,2024-09-07
South Alabama,Ohio,20,27,2024-09-07
Samford,Florida,7,45,2024-09-07
William & Mary,Coastal Carolina,21,40,2024-09-07
Eastern Kentucky,Western Kentucky,0,31,2024-09-07
Chattanooga,Georgia State,21,24,2024-09-07
Cal Poly,Stanford,7,41,2024-09-07
Virginia,Wake Forest,31,30,2024-09-07
Louisiana,Kennesaw State,34,10,2024-09-07
San José State,Air Force,17,7,2024-09-07
Northern Colorado,Colorado State,17,38,2024-09-07
Georgia Southern,Nevada,20,17,2024-09-07
Tulsa,Arkansas State,24,28,2024-09-07
UAB,UL Monroe,6,32,2024-09-07
SE Louisiana,Southern Miss,10,35,2024-09-07
Texas Southern,Rice,7,69,2024-09-07
Sam Houston,UCF,14,45,2024-09-07
Alcorn State,Vanderbilt,0,55,2024-09-07
Colorado,Nebraska,10,28,2024-09-07
Stephen F. Austin,North Texas,20,35,2024-09-07
Long Island University,TCU,0,45,2024-09-07
Southern Utah,UTEP,27,24,2024-09-07
Texas Tech,Washington State,16,37,2024-09-07
Sacramento State,Fresno State,30,46,2024-09-07
Liberty,New Mexico State,30,24,2024-09-07
Mississippi State,Arizona State,23,30,2024-09-07
Oregon State,San Diego State,21,0,2024-09-07
Arizona State,Texas State,31,28,2024-09-12
Northwestern State,South Alabama,10,87,2024-09-12
Arizona,Kansas State,7,31,2024-09-13
UNLV,Kansas,23,20,2024-09-13
Georgia,Kentucky,13,12,2024-09-14
UTSA,Texas,7,56,2024-09-14
Alabama,Wisconsin,42,10,2024-09-14
Ole Miss,Wake Forest,40,6,2024-09-14
Boston College,Missouri,21,27,2024-09-14
Kent State,Tennessee,0,71,2024-09-14
Oregon,Oregon State,49,14,2024-09-14
Ball State,Miami,0,62,2024-09-14
Utah,Utah State,38,21,2024-09-14
Oklahoma State,Tulsa,45,10,2024-09-14
Tulane,Oklahoma,19,34,2024-09-14
LSU,South Carolina,36,33,2024-09-14
Arkansas State,Michigan,18,28,2024-09-14
Notre Dame,Purdue,66,7,2024-09-14
Northern Iowa,Nebraska,3,34,2024-09-14
Central Michigan,Illinois,9,30,2024-09-14
Memphis,Florida State,20,12,2024-09-14
Louisiana Tech,NC State,20,30,2024-09-14
Cincinnati,Miami (OH),27,16,2024-09-14
North Texas,Texas Tech,21,66,2024-09-14
Massachusetts,Buffalo,3,34,2024-09-14
Coastal Carolina,Temple,28,20,2024-09-14
Texas A&M,Florida,33,20,2024-09-14
Prairie View A&M,Michigan State,0,40,2024-09-14
Nevada,Minnesota,0,27,2024-09-14
Washington State,Washington,24,19,2024-09-14
VMI,Georgia Tech,7,59,2024-09-14
West Virginia,Pittsburgh,34,38,2024-09-14
Morgan State,Ohio,6,21,2024-09-14
Troy,Iowa,21,38,2024-09-14
App State,East Carolina,21,19,2024-09-14
UAB,Arkansas,27,37,2024-09-14
UConn,Duke,21,26,2024-09-14
North Carolina Central,North Carolina,10,45,2024-09-14
Virginia Tech,Old Dominion,37,17,2024-09-14
UTEP,Liberty,10,28,2024-09-14
South Carolina State,Georgia Southern,14,42,2024-09-14
Colgate,Akron,20,31,2024-09-14
Gardner-Webb,Charlotte,26,27,2024-09-14
Bethune-Cookman,Western Michigan,31,59,2024-09-14
Vanderbilt,Georgia State,32,36,2024-09-14
Jacksonville State,Eastern Michigan,34,37,2024-09-14
Kennesaw State,San José State,10,31,2024-09-14
Western Kentucky,Middle Tennessee,49,21,2024-09-14
Hawai'i,Sam Houston,13,31,2024-09-14
South Florida,Southern Miss,49,24,2024-09-14
New Mexico,Auburn,19,45,2024-09-14
Toledo,Mississippi State,41,17,2024-09-14
Indiana,UCLA,42,13,2024-09-14
Air Force,Baylor,3,31,2024-09-14
Colorado,Colorado State,28,9,2024-09-14
UCF,TCU,35,34,2024-09-14
Eastern Illinois,Northwestern,7,31,2024-09-14
Florida International,Florida Atlantic,20,38,2024-09-14
Maryland,Virginia,27,13,2024-09-14
Rice,Houston,7,33,2024-09-14
BYU,Wyoming,34,14,2024-09-14
San Diego State,California,10,31,2024-09-14
New Mexico State,Fresno State,0,48,2024-09-14
South Alabama,App State,48,14,2024-09-19
Illinois,Nebraska,31,24,2024-09-20
Stanford,Syracuse,26,24,2024-09-20
San José State,Washington State,52,54,2024-09-20
UL Monroe,Texas,3,51,2024-09-21
Marshall,Ohio State,14,49,2024-09-21
Georgia Southern,Ole Miss,13,52,2024-09-21
Tennessee,Oklahoma,25,15,2024-09-21
Vanderbilt,Missouri,27,30,2024-09-21
Miami,South Florida,50,15,2024-09-21
Kent State,Penn State,0,56,2024-09-21
USC,Michigan,24,27,2024-09-21
Utah,Oklahoma State,22,19,2024-09-21
Kansas State,BYU,9,38,2024-09-21
UCLA,LSU,17,34,2024-09-21
Miami (OH),Notre Dame,3,28,2024-09-21
Georgia Tech,Louisville,19,31,2024-09-21
Arkansas State,Iowa State,7,52,2024-09-21
NC State,Clemson,35,59,2024-09-21
Buffalo,Northern Illinois,23,20,2024-09-21
Bowling Green,Texas A&M,20,26,2024-09-21
Florida,Mississippi State,45,28,2024-09-21
Charlotte,Indiana,14,52,2024-09-21
Villanova,Maryland,20,38,2024-09-21
James Madison,North Carolina,70,50,2024-09-21
Houston,Cincinnati,0,34,2024-09-21
Kansas,West Virginia,28,32,2024-09-21
Tulane,Louisiana,41,33,2024-09-21
Rice,Army,14,37,2024-09-21
Ohio,Kentucky,6,41,2024-09-21
Ball State,Central Michigan,34,37,2024-09-21
Virginia,Coastal Carolina,43,24,2024-09-21
Utah State,Temple,29,45,2024-09-21
St. Francis (PA),Eastern Michigan,0,36,2024-09-21
Southern Miss,Jacksonville State,7,44,2024-09-21
Eastern Washington,Nevada,16,49,2024-09-21
Arkansas,Auburn,24,14,2024-09-21
Rutgers,Virginia Tech,26,23,2024-09-21
Central Connecticut,Massachusetts,31,35,2024-09-21
Youngstown State,Pittsburgh,17,73,2024-09-21
Arizona State,Texas Tech,22,30,2024-09-21
Memphis,Navy,44,56,2024-09-21
Houston Christian,UTSA,7,45,2024-09-21
Duke,Middle Tennessee,45,17,2024-09-21
TCU,SMU,42,66,2024-09-21
UTEP,Colorado State,17,27,2024-09-21
Monmouth,Florida International,45,42,2024-09-21
East Carolina,Liberty,24,35,2024-09-21
Northwestern,Washington,5,24,2024-09-21
Florida Atlantic,UConn,14,48,2024-09-21
California,Florida State,9,14,2024-09-21
Florida A&M,Troy,12,34,2024-09-21
Tulsa,Louisiana Tech,23,20,2024-09-21
New Mexico State,Sam Houston,11,31,2024-09-21
Toledo,Western Kentucky,21,26,2024-09-21
Wyoming,North Texas,17,44,2024-09-21
Akron,South Carolina,7,50,2024-09-21
Iowa,Minnesota,31,14,2024-09-21
Michigan State,Boston College,19,23,2024-09-21
Baylor,Colorado,31,38,2024-09-21
Fresno State,New Mexico,38,21,2024-09-21
Purdue,Oregon State,21,38,2024-09-21
Portland State,Boise State,14,56,2024-09-21
Northern Iowa,Hawai'i,7,36,2024-09-21
Army,Temple,42,14,2024-09-26
Virginia Tech,Miami,34,38,2024-09-27
Washington,Rutgers,18,21,2024-09-27
Mississippi State,Texas,13,35,2024-09-28
Georgia,Alabama,34,41,2024-09-28
Ohio State,Michigan State,38,7,2024-09-28
Kentucky,Ole Miss,20,17,2024-09-28
Oregon,UCLA,34,13,2024-09-28
Illinois,Penn State,7,21,2024-09-28
Arizona,Utah,23,10,2024-09-28
Minnesota,Michigan,24,27,2024-09-28
Wisconsin,USC,21,38,2024-09-28
South Alabama,LSU,10,42,2024-09-28
Louisville,Notre Dame,24,31,2024-09-28
Stanford,Clemson,14,40,2024-09-28
Iowa State,Houston,20,0,2024-09-28
Oklahoma State,Kansas State,20,42,2024-09-28
Oklahoma,Auburn,27,21,2024-09-28
BYU,Baylor,34,28,2024-09-28
Arkansas,Texas A&M,17,21,2024-09-28
Washington State,Boise State,24,45,2024-09-28
Maryland,Indiana,28,42,2024-09-28
Nebraska,Purdue,28,10,2024-09-28
Buffalo,UConn,3,47,2024-09-28
Western Kentucky,Boston College,20,21,2024-09-28
Northern Illinois,NC State,17,24,2024-09-28
Holy Cross,Syracuse,14,42,2024-09-28
Navy,UAB,41,18,2024-09-28
South Florida,Tulane,10,45,2024-09-28
Ball State,James Madison,7,63,2024-09-28
Texas State,Sam Houston,39,40,2024-09-28
Massachusetts,Miami (OH),20,23,2024-09-28
Louisiana,Wake Forest,41,38,2024-09-28
TCU,Kansas,38,27,2024-09-28
Fresno State,UNLV,14,59,2024-09-28
San Diego State,Central Michigan,21,22,2024-09-28
Georgia Southern,Georgia State,38,21,2024-09-28
Western Michigan,Marshall,20,27,2024-09-28
Akron,Ohio,10,30,2024-09-28
Eastern Michigan,Kent State,52,33,2024-09-28
North Carolina,Duke,20,21,2024-09-28
UTSA,East Carolina,20,30,2024-09-28
Colorado,UCF,48,21,2024-09-28
Old Dominion,Bowling Green,30,27,2024-09-28
Louisiana Tech,Florida International,10,17,2024-09-28
UT Martin,Kennesaw State,24,13,2024-09-28
Wagner,Florida Atlantic,10,41,2024-09-28
UL Monroe,Troy,13,9,2024-09-28
Charlotte,Rice,21,20,2024-09-28
Tulsa,North Texas,20,52,2024-09-28
Middle Tennessee,Memphis,7,24,2024-09-28
Florida State,SMU,16,42,2024-09-28
Cincinnati,Texas Tech,41,44,2024-09-28
New Mexico,New Mexico State,50,40,2024-09-28
Air Force,Wyoming,19,31,2024-09-28
Liberty,App State,,,2024-09-28
Texas State,Troy,38,17,2024-10-03
Sam Houston,UTEP,41,21,2024-10-03
Michigan State,Oregon,10,31,2024-10-04
Syracuse,UNLV,44,41,2024-10-04
Jacksonville State,Kennesaw State,63,24,2024-10-04
Houston,TCU,30,19,2024-10-04
Alabama,Vanderbilt,35,40,2024-10-05
Iowa,Ohio State,7,35,2024-10-05
Tennessee,Arkansas,14,19,2024-10-05
Auburn,Georgia,13,31,2024-10-05
UCLA,Penn State,11,27,2024-10-05
Miami,California,39,38,2024-10-05
Missouri,Texas A&M,10,41,2024-10-05
Michigan,Washington,17,27,2024-10-05
USC,Minnesota,17,24,2024-10-05
Ole Miss,South Carolina,27,3,2024-10-05
Clemson,Florida State,29,13,2024-10-05
Baylor,Iowa State,21,43,2024-10-05
Utah State,Boise State,30,62,2024-10-05
SMU,Louisville,34,27,2024-10-05
Indiana,Northwestern,41,24,2024-10-05
Purdue,Wisconsin,6,52,2024-10-05
Massachusetts,Northern Illinois,20,34,2024-10-05
Boston College,Virginia,14,24,2024-10-05
Pittsburgh,North Carolina,34,24,2024-10-05
Wake Forest,NC State,34,30,2024-10-05
Navy,Air Force,34,7,2024-10-05
Army,Tulsa,49,7,2024-10-05
Tulane,UAB,71,20,2024-10-05
Western Michigan,Ball State,45,42,2024-10-05
Temple,UConn,20,29,2024-10-05
Virginia Tech,Stanford,31,7,2024-10-05
App State,Marshall,37,52,2024-10-05
Miami (OH),Toledo,20,30,2024-10-05
Bowling Green,Akron,27,20,2024-10-05
East Carolina,Charlotte,24,55,2024-10-05
Rutgers,Nebraska,7,14,2024-10-05
West Virginia,Oklahoma State,38,14,2024-10-05
Colorado State,Oregon State,31,39,2024-10-05
Old Dominion,Coastal Carolina,37,45,2024-10-05
South Alabama,Arkansas State,16,18,2024-10-05
James Madison,UL Monroe,19,21,2024-10-05
Louisiana,Southern Miss,23,13,2024-10-05
Nevada,San José State,31,35,2024-10-05
UCF,Florida,13,24,2024-10-05
Duke,Georgia Tech,14,24,2024-10-05
Kansas,Arizona State,31,35,2024-10-05
Hawai'i,San Diego State,24,27,2024-10-05
Texas Tech,Arizona,28,22,2024-10-05
Florida International,Liberty,24,31,2024-10-08
New Mexico State,Jacksonville State,13,54,2024-10-09
Coastal Carolina,James Madison,7,39,2024-10-10
Middle Tennessee,Louisiana Tech,21,48,2024-10-10
UTEP,Western Kentucky,17,44,2024-10-10
Utah,Arizona State,19,27,2024-10-11
Northwestern,Maryland,37,10,2024-10-11
UNLV,Utah State,50,34,2024-10-11
Texas,Oklahoma,34,3,2024-10-12
Ohio State,Oregon,31,32,2024-10-12
Penn State,USC,33,30,2024-10-12
Mississippi State,Georgia,31,41,2024-10-12
South Carolina,Alabama,25,27,2024-10-12
Florida,Tennessee,17,23,2024-10-12
Ole Miss,LSU,26,29,2024-10-12
Clemson,Wake Forest,49,14,2024-10-12
Stanford,Notre Dame,7,49,2024-10-12
Iowa State,West Virginia,28,16,2024-10-12
Arizona,BYU,19,41,2024-10-12
Boise State,Hawai'i,28,7,2024-10-12
Kansas State,Colorado,31,28,2024-10-12
Missouri,Massachusetts,45,3,2024-10-12
California,Pittsburgh,15,17,2024-10-12
Purdue,Illinois,49,50,2024-10-12
Washington,Iowa,16,40,2024-10-12
Wisconsin,Rutgers,42,7,2024-10-12
Georgia Tech,North Carolina,41,34,2024-10-12
Ball State,Kent State,37,35,2024-10-12
Toledo,Buffalo,15,30,2024-10-12
UAB,Army,10,44,2024-10-12
Miami (OH),Eastern Michigan,38,14,2024-10-12
Louisville,Virginia,24,20,2024-10-12
Cincinnati,UCF,19,13,2024-10-12
San José State,Colorado State,24,31,2024-10-12
San Diego State,Wyoming,27,24,2024-10-12
Old Dominion,Georgia State,21,14,2024-10-12
Akron,Western Michigan,24,34,2024-10-12
Northern Illinois,Bowling Green,17,7,2024-10-12
Memphis,South Florida,21,3,2024-10-12
Ohio,Central Michigan,27,25,2024-10-12
Southern Miss,UL Monroe,21,38,2024-10-12
Air Force,New Mexico,37,52,2024-10-12
Washington State,Fresno State,25,17,2024-10-12
Arkansas State,Texas State,9,41,2024-10-12
North Texas,Florida Atlantic,41,37,2024-10-12
UTSA,Rice,27,29,2024-10-12
Oregon State,Nevada,37,42,2024-10-12
App State,Louisiana,24,34,2024-10-12
Vanderbilt,Kentucky,20,13,2024-10-12
Syracuse,NC State,24,17,2024-10-12
Marshall,Georgia Southern,23,24,2024-10-12
Minnesota,UCLA,21,17,2024-10-12
Troy,South Alabama,9,25,2024-10-15
Kennesaw State,Middle Tennessee,5,14,2024-10-15
Louisiana Tech,New Mexico State,30,33,2024-10-15
Western Kentucky,Sam Houston,31,14,2024-10-16
Florida International,UTEP,21,30,2024-10-16
Georgia State,Marshall,20,35,2024-10-17
Boston College,Virginia Tech,21,42,2024-10-17
Oregon,Purdue,35,0,2024-10-18
Oklahoma State,BYU,35,38,2024-10-18
Florida State,Duke,16,23,2024-10-18
Fresno State,Nevada,24,21,2024-10-18
Georgia,Texas,30,15,2024-10-19
Miami,Louisville,52,45,2024-10-19
Alabama,Tennessee,17,24,2024-10-19
LSU,Arkansas,34,10,2024-10-19
UCF,Iowa State,35,38,2024-10-19
Virginia,Clemson,31,48,2024-10-19
Notre Dame,Georgia Tech,31,13,2024-10-19
Texas A&M,Mississippi State,34,24,2024-10-19
Nebraska,Indiana,7,56,2024-10-19
Kansas State,West Virginia,45,18,2024-10-19
Auburn,Missouri,17,21,2024-10-19
SMU,Stanford,40,10,2024-10-19
Michigan,Illinois,7,21,2024-10-19
East Carolina,Army,28,45,2024-10-19
Charlotte,Navy,17,51,2024-10-19
Wisconsin,Northwestern,23,3,2024-10-19
UCLA,Rutgers,35,32,2024-10-19
Wake Forest,UConn,23,20,2024-10-19
Arizona State,Cincinnati,14,24,2024-10-19
Louisiana,Coastal Carolina,34,24,2024-10-19
South Carolina,Oklahoma,35,9,2024-10-19
Central Michigan,Eastern Michigan,34,38,2024-10-19
Tulsa,Temple,10,20,2024-10-19
NC State,California,24,23,2024-10-19
Houston,Kansas,14,42,2024-10-19
Hawai'i,Washington State,10,42,2024-10-19
Texas State,Old Dominion,14,24,2024-10-19
Ohio,Miami (OH),20,30,2024-10-19
Kent State,Bowling Green,6,27,2024-10-19
Western Michigan,Buffalo,48,41,2024-10-19
Toledo,Northern Illinois,13,6,2024-10-19
UAB,South Florida,25,35,2024-10-19
Florida Atlantic,UTSA,24,38,2024-10-19
Rice,Tulane,10,24,2024-10-19
USC,Maryland,28,29,2024-10-19
Colorado,Arizona,34,7,2024-10-19
Baylor,Texas Tech,59,35,2024-10-19
New Mexico,Utah State,50,45,2024-10-19
Wyoming,San José State,14,24,2024-10-19
James Madison,Georgia Southern,14,28,2024-10-19
Ball State,Vanderbilt,14,24,2024-10-19
Arkansas State,Southern Miss,44,28,2024-10-19
Iowa,Michigan State,20,32,2024-10-19
North Texas,Memphis,44,52,2024-10-19
Kentucky,Florida,20,48,2024-10-19
Colorado State,Air Force,21,13,2024-10-19
UNLV,Oregon State,33,25,2024-10-19
TCU,Utah,13,7,2024-10-19
Sam Houston,Florida International,10,7,2024-10-22
UTEP,Louisiana Tech,10,14,2024-10-22
Liberty,Kennesaw State,24,27,2024-10-23
Middle Tennessee,Jacksonville State,20,42,2024-10-23
Syracuse,Pittsburgh,13,41,2024-10-24
Georgia Southern,Old Dominion,19,47,2024-10-24
Boise State,UNLV,29,24,2024-10-25
Louisville,Boston College,31,27,2024-10-25
Rutgers,USC,20,42,2024-10-25
Illinois,Oregon,9,38,2024-10-26
Penn State,Wisconsin,28,13,2024-10-26
Nebraska,Ohio State,17,21,2024-10-26
Texas,Vanderbilt,27,24,2024-10-26
Florida State,Miami,14,36,2024-10-26
LSU,Texas A&M,23,38,2024-10-26
BYU,UCF,37,24,2024-10-26
Notre Dame,Navy,51,14,2024-10-26
Washington,Indiana,17,31,2024-10-26
Missouri,Alabama,0,34,2024-10-26
Kansas,Kansas State,27,29,2024-10-26
Oklahoma,Ole Miss,14,26,2024-10-26
SMU,Duke,28,27,2024-10-26
Georgia Tech,Virginia Tech,6,21,2024-10-26
North Carolina,Virginia,41,14,2024-10-26
Buffalo,Ohio,16,47,2024-10-26
Charlotte,Memphis,28,33,2024-10-26
Tulane,North Texas,45,37,2024-10-26
Arkansas,Mississippi State,58,25,2024-10-26
Georgia State,App State,26,33,2024-10-26
Central Michigan,Miami (OH),7,46,2024-10-26
Temple,East Carolina,34,56,2024-10-26
Northwestern,Iowa,14,40,2024-10-26
Maryland,Minnesota,23,48,2024-10-26
Rice,UConn,10,17,2024-10-26
Wake Forest,Stanford,27,24,2024-10-26
Oklahoma State,Baylor,28,38,2024-10-26
Texas Tech,TCU,34,35,2024-10-26
Southern Miss,James Madison,15,32,2024-10-26
Eastern Michigan,Akron,21,25,2024-10-26
Northern Illinois,Ball State,23,25,2024-10-26
Bowling Green,Toledo,41,26,2024-10-26
Kent State,Western Michigan,21,52,2024-10-26
Wagner,Massachusetts,7,35,2024-10-26
UTSA,Tulsa,45,46,2024-10-26
Oregon State,California,7,44,2024-10-26
New Mexico,Colorado State,6,17,2024-10-26
UL Monroe,South Alabama,17,46,2024-10-26
West Virginia,Arizona,31,26,2024-10-26
Utah,Houston,14,17,2024-10-26
Utah State,Wyoming,27,25,2024-10-26
Troy,Arkansas State,31,34,2024-10-26
Michigan State,Michigan,17,24,2024-10-26
Auburn,Kentucky,24,10,2024-10-26
San José State,Fresno State,10,33,2024-10-26
Cincinnati,Colorado,23,34,2024-10-26
Washington State,San Diego State,29,26,2024-10-26
Nevada,Hawai'i,13,34,2024-10-26
New Mexico State,Florida International,13,34,2024-10-29
Louisiana,Texas State,23,17,2024-10-29
Louisiana Tech,Sam Houston,3,9,2024-10-29
Jacksonville State,Liberty,31,21,2024-10-30
Kennesaw State,Western Kentucky,14,31,2024-10-30
Tulane,Charlotte,34,3,2024-10-31
San Diego State,Boise State,24,56,2024-11-01
Georgia State,UConn,27,34,2024-11-01
South Florida,Florida Atlantic,44,21,2024-11-01
Oregon,Michigan,38,17,2024-11-02
Florida,Georgia,20,34,2024-11-02
Ohio State,Penn State,20,13,2024-11-02
Duke,Miami,31,53,2024-11-02
Kentucky,Tennessee,18,28,2024-11-02
Texas A&M,South Carolina,20,44,2024-11-02
Texas Tech,Iowa State,23,22,2024-11-02
Louisville,Clemson,33,21,2024-11-02
Indiana,Michigan State,47,10,2024-11-02
Kansas State,Houston,19,24,2024-11-02
Pittsburgh,SMU,25,48,2024-11-02
Ole Miss,Arkansas,63,31,2024-11-02
Air Force,Army,3,20,2024-11-02
Minnesota,Illinois,25,17,2024-11-02
Maine,Oklahoma,14,59,2024-11-02
Northwestern,Purdue,26,20,2024-11-02
Stanford,NC State,28,59,2024-11-02
Virginia Tech,Syracuse,31,38,2024-11-02
Buffalo,Akron,41,30,2024-11-02
Toledo,Eastern Michigan,29,28,2024-11-02
Memphis,UTSA,36,44,2024-11-02
Vanderbilt,Auburn,17,7,2024-11-02
Old Dominion,App State,20,28,2024-11-02
Tulsa,UAB,21,59,2024-11-02
UCLA,Nebraska,27,20,2024-11-02
North Carolina,Florida State,35,11,2024-11-02
Arizona State,Oklahoma State,42,21,2024-11-02
Arizona,UCF,12,56,2024-11-02
Middle Tennessee,UTEP,20,13,2024-11-02
UL Monroe,Marshall,23,28,2024-11-02
Wyoming,New Mexico,49,45,2024-11-02
Coastal Carolina,Troy,24,38,2024-11-02
Navy,Rice,10,24,2024-11-02
Massachusetts,Mississippi State,20,45,2024-11-02
Hawai'i,Fresno State,21,20,2024-11-02
Wisconsin,Iowa,10,42,2024-11-02
USC,Washington,21,26,2024-11-02
Georgia Southern,South Alabama,34,30,2024-11-02
TCU,Baylor,34,37,2024-11-02
Colorado State,Nevada,38,21,2024-11-02
Bowling Green,Central Michigan,23,13,2024-11-05
Miami (OH),Ball State,27,21,2024-11-05
Ohio,Kent State,41,0,2024-11-06
Northern Illinois,Western Michigan,42,28,2024-11-06
App State,Coastal Carolina,24,38,2024-11-07
Florida Atlantic,East Carolina,14,49,2024-11-07
California,Wake Forest,46,36,2024-11-08
Iowa,UCLA,17,20,2024-11-08
Rice,Memphis,20,27,2024-11-08
New Mexico,San Diego State,21,16,2024-11-08
Maryland,Oregon,18,39,2024-11-09
Purdue,Ohio State,0,45,2024-11-09
Georgia,Ole Miss,10,28,2024-11-09
Miami,Georgia Tech,23,28,2024-11-09
Florida,Texas,17,49,2024-11-09
Washington,Penn State,6,35,2024-11-09
Mississippi State,Tennessee,14,33,2024-11-09
Michigan,Indiana,15,20,2024-11-09
BYU,Utah,22,21,2024-11-09
Florida State,Notre Dame,3,52,2024-11-09
Alabama,LSU,42,13,2024-11-09
Nevada,Boise State,21,28,2024-11-09
Iowa State,Kansas,36,45,2024-11-09
Virginia,Pittsburgh,24,19,2024-11-09
Colorado,Texas Tech,41,27,2024-11-09
Utah State,Washington State,28,49,2024-11-09
Clemson,Virginia Tech,24,14,2024-11-09
Oklahoma,Missouri,23,30,2024-11-09
Army,North Texas,14,3,2024-11-09
Minnesota,Rutgers,19,26,2024-11-09
Syracuse,Boston College,31,37,2024-11-09
West Virginia,Cincinnati,31,24,2024-11-09
Texas State,UL Monroe,38,17,2024-11-09
Navy,South Florida,28,7,2024-11-09
Liberty,Middle Tennessee,37,17,2024-11-09
UConn,UAB,31,23,2024-11-09
Marshall,Southern Miss,37,3,2024-11-09
Duke,NC State,29,19,2024-11-09
San José State,Oregon State,24,13,2024-11-09
Georgia State,James Madison,7,38,2024-11-09
Kennesaw State,UTEP,35,43,2024-11-09
Temple,Tulane,6,52,2024-11-09
South Carolina,Vanderbilt,28,7,2024-11-09
Jacksonville State,Louisiana Tech,44,37,2024-11-09
Arkansas State,Louisiana,19,55,2024-11-09
Western Kentucky,New Mexico State,41,28,2024-11-09
UCF,Arizona State,31,35,2024-11-09
Oklahoma State,TCU,13,38,2024-11-09
UNLV,Hawai'i,29,27,2024-11-09
Fresno State,Air Force,28,36,2024-11-09
Ball State,Buffalo,48,51,2024-11-12
Western Michigan,Bowling Green,13,31,2024-11-12
Central Michigan,Toledo,10,37,2024-11-12
Kent State,Miami (OH),7,34,2024-11-13
Akron,Northern Illinois,16,29,2024-11-13
Eastern Michigan,Ohio,10,35,2024-11-13
East Carolina,Tulsa,38,31,2024-11-14
Wyoming,Colorado State,10,24,2024-11-15
North Texas,UTSA,27,48,2024-11-15
UCLA,Washington,19,31,2024-11-15
Houston,Arizona,3,27,2024-11-15
Oregon,Wisconsin,16,13,2024-11-16
Ohio State,Northwestern,31,7,2024-11-16
Texas,Arkansas,20,10,2024-11-16
Penn State,Purdue,49,10,2024-11-16
Kansas,BYU,17,13,2024-11-16
Tennessee,Georgia,17,31,2024-11-16
Virginia,Notre Dame,14,35,2024-11-16
Mercer,Alabama,7,52,2024-11-16
Boise State,San José State,42,21,2024-11-16
Boston College,SMU,28,38,2024-11-16
New Mexico State,Texas A&M,3,38,2024-11-16
Arizona State,Kansas State,24,14,2024-11-16
Utah,Colorado,24,49,2024-11-16
Washington State,New Mexico,35,38,2024-11-16
Louisville,Stanford,35,38,2024-11-16
Clemson,Pittsburgh,24,20,2024-11-16
Missouri,South Carolina,30,34,2024-11-16
LSU,Florida,16,27,2024-11-16
Tulane,Navy,35,0,2024-11-16
Liberty,Massachusetts,35,34,2024-11-16
Louisiana Tech,Western Kentucky,12,7,2024-11-16
UL Monroe,Auburn,14,48,2024-11-16
Coastal Carolina,Marshall,19,31,2024-11-16
Murray State,Kentucky,6,48,2024-11-16
Florida International,Jacksonville State,31,34,2024-11-16
Florida Atlantic,Temple,15,18,2024-11-16
Michigan State,Illinois,16,38,2024-11-16
Syracuse,California,33,25,2024-11-16
Sam Houston,Kennesaw State,23,17,2024-11-16
Hawai'i,Utah State,10,55,2024-11-16
Oregon State,Air Force,0,28,2024-11-16
South Florida,Charlotte,59,24,2024-11-16
Nebraska,USC,20,28,2024-11-16
Baylor,West Virginia,49,35,2024-11-16
Troy,Georgia Southern,28,20,2024-11-16
James Madison,Old Dominion,35,32,2024-11-16
Arkansas State,Georgia State,27,20,2024-11-16
Rutgers,Maryland,31,17,2024-11-16
South Alabama,Louisiana,24,22,2024-11-16
Southern Miss,Texas State,3,58,2024-11-16
Wake Forest,North Carolina,24,31,2024-11-16
Cincinnati,Iowa State,17,34,2024-11-16
UAB,Memphis,18,53,2024-11-16
San Diego State,UNLV,20,41,2024-11-16
Akron,Kent State,38,17,2024-11-19
Western Michigan,Central Michigan,14,16,2024-11-19
Northern Illinois,Miami (OH),9,20,2024-11-19
Buffalo,Eastern Michigan,37,20,2024-11-20
Ohio,Toledo,24,7,2024-11-20
NC State,Georgia Tech,29,30,2024-11-21
UNLV,San José State,27,16,2024-11-22
Temple,UTSA,27,51,2024-11-22
Purdue,Michigan State,17,24,2024-11-22
Indiana,Ohio State,15,38,2024-11-23
Kentucky,Texas,14,31,2024-11-23
Penn State,Minnesota,26,25,2024-11-23
Army,Notre Dame,14,49,2024-11-23
Alabama,Oklahoma,3,24,2024-11-23
Wake Forest,Miami,14,42,2024-11-23
Ole Miss,Florida,17,24,2024-11-23
Massachusetts,Georgia,21,59,2024-11-23
UTEP,Tennessee,0,56,2024-11-23
Boise State,Wyoming,17,13,2024-11-23
SMU,Virginia,33,7,2024-11-23
BYU,Arizona State,23,28,2024-11-23
Texas A&M,Auburn,41,43,2024-11-23
Colorado,Kansas,21,37,2024-11-23
The Citadel,Clemson,14,51,2024-11-23
Wofford,South Carolina,12,56,2024-11-23
Iowa State,Utah,31,28,2024-11-23
Missouri,Mississippi State,39,20,2024-11-23
Illinois,Rutgers,38,31,2024-11-23
Iowa,Maryland,29,13,2024-11-23
UConn,Syracuse,24,31,2024-11-23
North Carolina,Boston College,21,41,2024-11-23
Sam Houston,Jacksonville State,11,21,2024-11-23
Western Kentucky,Liberty,21,38,2024-11-23
Charleston Southern,Florida State,7,41,2024-11-23
Bowling Green,Ball State,38,13,2024-11-23
Rice,UAB,14,40,2024-11-23
New Mexico State,Middle Tennessee,36,21,2024-11-23
James Madison,App State,20,34,2024-11-23
Arizona,TCU,28,49,2024-11-23
Florida International,Kennesaw State,26,27,2024-11-23
UL Monroe,Arkansas State,21,28,2024-11-23
South Alabama,Southern Miss,35,14,2024-11-23
Charlotte,Florida Atlantic,39,27,2024-11-23
Northwestern,Michigan,6,50,2024-11-23
Wisconsin,Nebraska,25,44,2024-11-23
Stanford,California,21,24,2024-11-23
Texas Tech,Oklahoma State,56,48,2024-11-23
UCF,West Virginia,21,31,2024-11-23
San Diego State,Utah State,20,41,2024-11-23
Georgia Southern,Coastal Carolina,26,6,2024-11-23
East Carolina,North Texas,40,28,2024-11-23
Tulsa,South Florida,30,63,2024-11-23
Louisiana Tech,Arkansas,14,35,2024-11-23
Pittsburgh,Louisville,9,37,2024-11-23
Troy,Louisiana,30,51,2024-11-23
Washington State,Oregon State,38,41,2024-11-23
Baylor,Houston,20,10,2024-11-23
Georgia State,Texas State,52,44,2024-11-23
Marshall,Old Dominion,42,35,2024-11-23
Vanderbilt,LSU,17,24,2024-11-23
Virginia Tech,Duke,28,31,2024-11-23
Cincinnati,Kansas State,15,41,2024-11-23
USC,UCLA,19,13,2024-11-23
Air Force,Nevada,22,19,2024-11-23
Colorado State,Fresno State,22,28,2024-11-23
Toledo,Akron,14,21,2024-11-26
Kent State,Buffalo,7,43,2024-11-26
Memphis,Tulane,34,24,2024-11-28
Georgia Tech,Georgia,42,44,2024-11-29
Oregon State,Boise State,18,34,2024-11-29
Mississippi State,Ole Miss,14,26,2024-11-29
Oklahoma State,Colorado,0,52,2024-11-29
Minnesota,Wisconsin,24,7,2024-11-29
Miami (OH),Bowling Green,28,12,2024-11-29
Ball State,Ohio,21,42,2024-11-29
Navy,East Carolina,34,20,2024-11-29
Liberty,Sam Houston,18,20,2024-11-29
Utah State,Colorado State,37,42,2024-11-29
Texas State,South Alabama,45,38,2024-11-29
Stanford,San José State,31,34,2024-11-29
Nebraska,Iowa,10,13,2024-11-29
Utah,UCF,28,14,2024-11-29
Washington,Oregon,21,49,2024-11-30
Michigan,Ohio State,13,10,2024-11-30
Texas,Texas A&M,17,7,2024-11-30
Maryland,Penn State,7,44,2024-11-30
Notre Dame,USC,49,35,2024-11-30
Miami,Syracuse,38,42,2024-11-30
Tennessee,Vanderbilt,36,23,2024-11-30
California,SMU,6,38,2024-11-30
Purdue,Indiana,0,66,2024-11-30
South Carolina,Clemson,17,14,2024-11-30
Auburn,Alabama,14,28,2024-11-30
Arizona State,Arizona,49,7,2024-11-30
Kansas State,Iowa State,21,29,2024-11-30
Houston,BYU,18,30,2024-11-30
Arkansas,Missouri,21,28,2024-11-30
Nevada,UNLV,14,38,2024-11-30
Illinois,Northwestern,38,28,2024-11-30
Louisville,Kentucky,41,14,2024-11-30
UConn,Massachusetts,47,42,2024-11-30
Duke,Wake Forest,23,17,2024-11-30
Kansas,Baylor,17,45,2024-11-30
West Virginia,Texas Tech,15,52,2024-11-30
Louisiana,UL Monroe,37,23,2024-11-30
UTSA,Army,24,29,2024-11-30
North Texas,Temple,24,17,2024-11-30
Eastern Michigan,Western Michigan,18,26,2024-11-30
Middle Tennessee,Florida International,24,35,2024-11-30
Coastal Carolina,Georgia State,48,27,2024-11-30
Southern Miss,Troy,20,52,2024-11-30
South Florida,Rice,28,35,2024-11-30
Pittsburgh,Boston College,23,34,2024-11-30
Old Dominion,Arkansas State,40,32,2024-11-30
Rutgers,Michigan State,41,14,2024-11-30
Fresno State,UCLA,13,20,2024-11-30
NC State,North Carolina,35,30,2024-11-30
Central Michigan,Northern Illinois,16,24,2024-11-30
UAB,Charlotte,27,29,2024-11-30
Florida Atlantic,Tulsa,63,16,2024-11-30
Jacksonville State,Western Kentucky,17,19,2024-11-30
Kennesaw State,Louisiana Tech,0,33,2024-11-30
UTEP,New Mexico State,42,35,2024-11-30
TCU,Cincinnati,20,13,2024-11-30
App State,Georgia Southern,20,29,2024-11-30
Wyoming,Washington State,15,14,2024-11-30
Florida,Florida State,31,11,2024-11-30
Oklahoma,LSU,17,37,2024-11-30
Virginia,Virginia Tech,17,37,2024-11-30
Marshall,James Madison,35,33,2024-11-30
Air Force,San Diego State,31,20,2024-11-30
New Mexico,Hawai'i,30,38,2024-11-30
UNLV,Boise State,7,21,2024-12-06
Tulane,Army,14,35,2024-12-06
Western Kentucky,Jacksonville State,12,52,2024-12-06
Penn State,Oregon,37,45,2024-12-07
Georgia,Texas,22,19,2024-12-07
Clemson,SMU,34,31,2024-12-07
Iowa State,Arizona State,19,45,2024-12-07
Ohio,Miami (OH),38,3,2024-12-07
Marshall,Louisiana,31,3,2024-12-07
Navy,Army,31,13,2024-12-14
McNeese,Tarleton State,23,26,2024-08-24
Montana State,New Mexico,35,31,2024-08-24
North Alabama,Southeast Missouri State,15,37,2024-08-24
Florida A&M,Norfolk State,24,23,2024-08-24
Delaware State,Hawai'i,14,35,2024-08-24
Murray State,Missouri,0,51,2024-08-29
Southern Utah,Utah,0,49,2024-08-29
Lindenwood,Kansas,3,48,2024-08-29
Western Carolina,NC State,21,38,2024-08-29
Howard,Rutgers,7,44,2024-08-29
Youngstown State,Villanova,17,24,2024-08-29
Bryant,Delaware,17,48,2024-08-29
North Carolina A&T,Wake Forest,13,45,2024-08-29
New Hampshire,UCF,3,57,2024-08-29
VMI,William & Mary,7,41,2024-08-29
Wofford,Gardner-Webb,21,20,2024-08-29
Lafayette,Buffalo,13,30,2024-08-29
Fordham,Bowling Green,17,41,2024-08-29
Central Connecticut,Central Michigan,10,66,2024-08-29
Central State (OH),Morehead State,10,17,2024-08-29
Mercyhurst,Wheeling,28,25,2024-08-29
Arkansas-Pine Bluff,Arkansas,0,70,2024-08-29
Duquesne,Toledo,10,49,2024-08-29
North Dakota State,Colorado,26,31,2024-08-29
Alcorn State,UAB,3,41,2024-08-29
SE Louisiana,Tulane,0,52,2024-08-29
Northwestern State,Tulsa,28,62,2024-08-29
Northern State,South Dakota,3,45,2024-08-29
North American University,Stephen F. Austin,0,77,2024-08-29
Presbyterian,Mercer,10,63,2024-08-29
Monmouth,Eastern Washington,27,42,2024-08-29
Jackson State,UL Monroe,14,30,2024-08-29
Sioux Falls,St. Thomas-Minnesota,34,13,2024-08-29
Eastern Illinois,Illinois,0,45,2024-08-29
Sacramento State,San José State,24,42,2024-08-29
Quincy,Drake,,,2024-08-29
Lehigh,Army,7,42,2024-08-30
Colgate,Maine,14,17,2024-08-30
Elon,Duke,3,26,2024-08-30
Idaho,Oregon,14,24,2024-08-31
Furman,Ole Miss,0,76,2024-08-31
Chattanooga,Tennessee,3,69,2024-08-31
South Dakota State,Oklahoma State,20,44,2024-08-31
UT Martin,Kansas State,6,41,2024-08-31
Illinois State,Iowa,0,40,2024-08-31
Austin Peay,Louisville,0,62,2024-08-31
Indiana State,Purdue,0,49,2024-08-31
Bucknell,Navy,21,49,2024-08-31
St. Francis (PA),Dayton,10,18,2024-08-31
Virginia Lynchburg,Wagner,7,46,2024-08-31
Davidson,Georgetown,24,46,2024-08-31
Upper Iowa,Butler,7,40,2024-08-31
Towson,Cincinnati,20,38,2024-08-31
Portland State,Washington State,30,70,2024-08-31
East Tennessee State,App State,10,38,2024-08-31
North Dakota,Iowa State,3,21,2024-08-31
Merrimack,Air Force,6,21,2024-08-31
Western Illinois,Northern Illinois,15,54,2024-08-31
Lincoln (CA),Northern Arizona,6,66,2024-08-31
Stony Brook,Marshall,3,45,2024-08-31
UC Davis,California,13,31,2024-08-31
Valparaiso,Northern Iowa,7,35,2024-08-31
Eastern Kentucky,Mississippi State,7,56,2024-08-31
Campbell,Liberty,24,41,2024-08-31
Richmond,Virginia,13,34,2024-08-31
Samford,West Georgia,29,38,2024-08-31
South Carolina State,Florida A&M,18,22,2024-08-31
Norfolk State,East Carolina,3,42,2024-08-31
Delaware State,Sacred Heart,17,15,2024-08-31
Morgan State,Hampton,30,28,2024-08-31
Mississippi Valley State,Tennessee State,21,41,2024-08-31
The Citadel,Charleston Southern,22,21,2024-08-31
Ave Maria,Stetson,3,41,2024-08-31
Idaho State,Oregon State,15,38,2024-08-31
Long Island University,UAlbany,21,27,2024-08-31
Holy Cross,Rhode Island,17,20,2024-08-31
Central Arkansas,Arkansas State,31,34,2024-08-31
Bethune-Cookman,South Florida,3,48,2024-08-31
Tarleton State,Baylor,3,45,2024-08-31
Northern Colorado,Incarnate Word,7,28,2024-08-31
Tennessee Tech,Middle Tennessee,25,32,2024-08-31
North Alabama,Memphis,0,40,2024-08-31
Texas Southern,Prairie View A&M,27,9,2024-08-31
Alabama A&M,Auburn,3,73,2024-08-31
Abilene Christian,Texas Tech,51,52,2024-08-31
Southern Illinois,BYU,13,41,2024-08-31
Houston Christian,SMU,7,59,2024-08-31
Grambling,Louisiana,10,40,2024-08-31
Nicholls,Louisiana Tech,17,25,2024-08-31
East Texas A&M,San Diego State,14,45,2024-08-31
Robert Morris,Utah State,14,36,2024-08-31
Lamar,Texas State,27,34,2024-08-31
Southern,McNeese,7,21,2024-08-31
Cal Poly,San Diego,21,27,2024-08-31
Missouri State,Montana,24,29,2024-08-31
Southeast Missouri State,New Mexico State,16,23,2024-08-31
Montana State,Utah Tech,31,7,2024-08-31
Weber State,Washington,3,35,2024-08-31
North Carolina Central,Alabama State,31,24,2024-09-01
Western Illinois,Indiana,3,77,2024-09-06
Tennessee Tech,Georgia,3,48,2024-09-07
Florida A&M,Miami,9,56,2024-09-07
Nicholls,LSU,21,44,2024-09-07
Northern Arizona,Arizona,10,22,2024-09-07
Rhode Island,Minnesota,0,48,2024-09-07
Lafayette,Monmouth,40,35,2024-09-07
Merrimack,UConn,17,63,2024-09-07
South Carolina State,The Citadel,23,20,2024-09-07
Wagner,Lehigh,13,49,2024-09-07
Georgetown,Marist,31,10,2024-09-07
McNeese,Texas A&M,10,52,2024-09-07
Campbell,Western Carolina,24,16,2024-09-07
St. Anselm,Sacred Heart,3,10,2024-09-07
Bucknell,VMI,35,28,2024-09-07
New Hampshire,Holy Cross,21,20,2024-09-07
Missouri State,Ball State,34,42,2024-09-07
Valparaiso,Youngstown State,25,59,2024-09-07
Northern Iowa,St. Thomas-Minnesota,17,10,2024-09-07
St. Francis (PA),Kent State,23,17,2024-09-07
Utah Tech,UNLV,14,72,2024-09-07
Mercer,Bethune-Cookman,31,2,2024-09-07
South Dakota,Wisconsin,13,27,2024-09-07
Wofford,Richmond,26,19,2024-09-07
Stonehill,Stony Brook,10,37,2024-09-07
Tennessee State,North Dakota State,3,52,2024-09-07
Duquesne,Boston College,0,56,2024-09-07
Idaho,Wyoming,17,13,2024-09-07
Franklin Pierce,Bryant,17,21,2024-09-07
Virginia State,Norfolk State,23,28,2024-09-07
Central Washington,San Diego,7,26,2024-09-07
UVA Wise,East Tennessee State,0,61,2024-09-07
UAlbany,West Virginia,14,49,2024-09-07
Elon,North Carolina Central,41,19,2024-09-07
Morgan State,Towson,9,14,2024-09-07
Villanova,Colgate,28,3,2024-09-07
Virginia Union,Hampton,21,33,2024-09-07
Miles College,Alabama State,3,24,2024-09-07
Gardner-Webb,James Madison,6,13,2024-09-07
Fordham,Central Connecticut,3,33,2024-09-07
Edinboro,Robert Morris,23,21,2024-09-07
Charleston Southern,Furman,24,20,2024-09-07
Western Oregon,Idaho State,10,50,2024-09-07
Kentucky Christian,Morehead State,7,48,2024-09-07
Warner,Stetson,0,35,2024-09-07
Samford,Florida,7,45,2024-09-07
William & Mary,Coastal Carolina,21,40,2024-09-07
Winston-Salem,North Carolina A&T,20,27,2024-09-07
Eastern Kentucky,Western Kentucky,0,31,2024-09-07
Central Arkansas,Lindenwood,34,13,2024-09-07
Southern Illinois,Austin Peay,31,17,2024-09-07
Chattanooga,Georgia State,21,24,2024-09-07
UT Martin,Southeast Missouri State,42,45,2024-09-07
Illinois State,North Alabama,24,17,2024-09-07
Indiana State,Eastern Illinois,20,27,2024-09-07
Butler,Murray State,19,17,2024-09-07
Montana,North Dakota,24,27,2024-09-07
Incarnate Word,South Dakota State,24,45,2024-09-07
Kentucky State,Alabama A&M,7,49,2024-09-07
Cal Poly,Stanford,7,41,2024-09-07
Tuskegee,Grambling,20,37,2024-09-07
Lane,Jackson State,7,58,2024-09-07
Northern Colorado,Colorado State,17,38,2024-09-07
SE Louisiana,Southern Miss,10,35,2024-09-07
Texas Southern,Rice,7,69,2024-09-07
Savannah State,Southern,10,42,2024-09-07
Prairie View A&M,Northwestern State,37,31,2024-09-07
Mississippi Valley State,Lamar,14,28,2024-09-07
Tarleton State,Houston Christian,35,18,2024-09-07
Drake,Eastern Washington,35,32,2024-09-07
Catawba,Davidson,14,49,2024-09-07
Presbyterian,Erskine,31,14,2024-09-07
Mercyhurst,Howard,31,32,2024-09-07
Alcorn State,Vanderbilt,0,55,2024-09-07
Stephen F. Austin,North Texas,20,35,2024-09-07
Maine,Montana State,24,41,2024-09-07
West Georgia,Abilene Christian,24,38,2024-09-07
Arkansas Baptist,Arkansas-Pine Bluff,0,73,2024-09-07
Long Island University,TCU,0,45,2024-09-07
Portland State,Weber State,16,43,2024-09-07
Southern Utah,UTEP,27,24,2024-09-07
Sacramento State,Fresno State,30,46,2024-09-07
East Texas A&M,UC Davis,22,36,2024-09-07
Northwestern State,South Alabama,10,87,2024-09-12
Northern Iowa,Nebraska,3,34,2024-09-14
Central Connecticut,St. Francis (PA),27,20,2024-09-14
Lehigh,Long Island University,20,17,2024-09-14
North Greenville,The Citadel,0,54,2024-09-14
Mercyhurst,Robert Morris,28,55,2024-09-14
Marist,Lafayette,14,56,2024-09-14
Delaware,North Carolina A&T,42,13,2024-09-14
Stony Brook,Fordham,27,21,2024-09-14
Western Illinois,Illinois State,34,51,2024-09-14
Georgetown,Sacred Heart,14,40,2024-09-14
Virginia Lynchburg,Presbyterian,0,52,2024-09-14
Charleston Southern,Richmond,0,38,2024-09-14
Holy Cross,Bryant,43,22,2024-09-14
Idaho State,North Dakota,28,52,2024-09-14
Duquesne,Youngstown State,28,25,2024-09-14
Stetson,Furman,7,48,2024-09-14
Black Hills State,St. Thomas-Minnesota,14,24,2024-09-14
Wagner,Delaware State,30,7,2024-09-14
Morehead State,Montana,2,59,2024-09-14
Howard,Morehouse College,35,21,2024-09-14
Prairie View A&M,Michigan State,0,40,2024-09-14
Monmouth,Maine,51,22,2024-09-14
Towson,Villanova,13,14,2024-09-14
VMI,Georgia Tech,7,59,2024-09-14
Morgan State,Ohio,6,21,2024-09-14
Hampton,Norfolk State,37,7,2024-09-14
UAlbany,Idaho,13,41,2024-09-14
Abilene Christian,Northern Colorado,24,22,2024-09-14
Edward Waters,Alcorn State,7,38,2024-09-14
North Dakota State,East Tennessee State,38,35,2024-09-14
Campbell,Rhode Island,9,21,2024-09-14
William & Mary,Wofford,28,21,2024-09-14
Western Carolina,Elon,24,17,2024-09-14
Stonehill,New Hampshire,6,45,2024-09-14
West Georgia,Eastern Kentucky,7,26,2024-09-14
Mercer,Chattanooga,10,3,2024-09-14
Dayton,Indiana State,13,24,2024-09-14
North Carolina Central,North Carolina,10,45,2024-09-14
South Carolina State,Georgia Southern,14,42,2024-09-14
Colgate,Akron,20,31,2024-09-14
Gardner-Webb,Charlotte,26,27,2024-09-14
Merrimack,Bucknell,31,21,2024-09-14
Hanover,Butler,0,53,2024-09-14
Bethune-Cookman,Western Michigan,31,59,2024-09-14
Austin Peay,Central Arkansas,17,45,2024-09-14
Lindenwood,Missouri State,14,28,2024-09-14
Mississippi Valley State,Murray State,8,59,2024-09-14
Augustana University (SD),South Dakota State,3,24,2024-09-14
Incarnate Word,Southern Illinois,28,35,2024-09-14
Alabama State,Samford,7,12,2024-09-14
Arkansas-Pine Bluff,Tennessee State,28,41,2024-09-14
Southern,Jackson State,15,33,2024-09-14
North Alabama,UT Martin,28,43,2024-09-14
Grambling,East Texas A&M,35,28,2024-09-14
Louisiana Christian University,Houston Christian,7,70,2024-09-14
Weber State,Lamar,16,17,2024-09-14
Eastern Washington,SE Louisiana,24,28,2024-09-14
Point University,Davidson,12,42,2024-09-14
Georgetown (KY),Alabama A&M,16,24,2024-09-14
Eastern Illinois,Northwestern,7,31,2024-09-14
Indiana Wesleyan,Valparaiso,17,20,2024-09-14
UC Davis,Southern Utah,24,21,2024-09-14
Western Oregon,Cal Poly,14,31,2024-09-14
Stephen F. Austin,McNeese,24,28,2024-09-14
Northern Arizona,Utah Tech,45,17,2024-09-14
Nicholls,Sacramento State,7,34,2024-09-14
South Dakota,Portland State,,,2024-09-14
Villanova,Maryland,20,38,2024-09-21
Rhode Island,Long Island University,28,21,2024-09-21
Stetson,Harvard,0,35,2024-09-21
Princeton,Lehigh,20,35,2024-09-21
Lafayette,Columbia,20,31,2024-09-21
West Virginia Wesleyan,Duquesne,0,35,2024-09-21
Ave Maria,Dayton,7,49,2024-09-21
Maine,Merrimack,26,15,2024-09-21
Brown,Georgetown,26,14,2024-09-21
Fordham,Dartmouth,13,45,2024-09-21
Cornell,Colgate,24,41,2024-09-21
Sacred Heart,Stonehill,21,35,2024-09-21
Norfolk State,VMI,32,10,2024-09-21
Towson,North Dakota State,24,41,2024-09-21
San Diego,North Dakota,24,41,2024-09-21
St. Francis (PA),Eastern Michigan,0,36,2024-09-21
Drake,South Dakota,3,42,2024-09-21
Yale,Holy Cross,38,31,2024-09-21
St. Thomas-Minnesota,Lindenwood,0,64,2024-09-21
Roosevelt,Valparaiso,23,31,2024-09-21
Tennessee State,Tennessee Tech,14,24,2024-09-21
Bryant,New Hampshire,17,38,2024-09-21
Clark Atlanta,Bethune-Cookman,38,37,2024-09-21
Eastern Washington,Nevada,16,49,2024-09-21
Western Carolina,Montana,35,46,2024-09-21
Mercyhurst,Montana State,13,52,2024-09-21
Central Connecticut,Massachusetts,31,35,2024-09-21
Youngstown State,Pittsburgh,17,73,2024-09-21
Houston Christian,UTSA,7,45,2024-09-21
Howard,Hampton,20,27,2024-09-21
Mississippi Valley State,Nicholls,0,66,2024-09-21
Robert Morris,Wagner,21,14,2024-09-21
Stony Brook,Campbell,24,17,2024-09-21
Pennsylvania,Delaware,22,29,2024-09-21
East Tennessee State,Elon,34,14,2024-09-21
Monmouth,Florida International,45,42,2024-09-21
Richmond,Delaware State,38,24,2024-09-21
Furman,William & Mary,24,34,2024-09-21
Morehead State,Eastern Kentucky,13,42,2024-09-21
Southern Utah,Idaho State,28,38,2024-09-21
The Citadel,Mercer,21,38,2024-09-21
Marist,Bucknell,18,34,2024-09-21
North Carolina A&T,North Carolina Central,24,66,2024-09-21
Central Arkansas,Arkansas-Pine Bluff,56,17,2024-09-21
Alabama A&M,Austin Peay,16,59,2024-09-21
Eastern Illinois,Illinois State,7,31,2024-09-21
Missouri State,UT Martin,31,24,2024-09-21
South Dakota State,SE Louisiana,41,0,2024-09-21
Southeast Missouri State,Southern Illinois,38,21,2024-09-21
Florida A&M,Troy,12,34,2024-09-21
Jackson State,Grambling,20,41,2024-09-21
Northern Arizona,Incarnate Word,14,38,2024-09-21
Virginia Lynchburg,Morgan State,7,56,2024-09-21
Southern,Prairie View A&M,31,24,2024-09-21
Texas Southern,Lamar,17,20,2024-09-21
Sacramento State,East Texas A&M,34,0,2024-09-21
Weber State,Northwestern State,39,0,2024-09-21
Gardner-Webb,Presbyterian,42,21,2024-09-21
Tarleton State,North Alabama,28,14,2024-09-21
Alcorn State,McNeese,14,42,2024-09-21
Idaho,Abilene Christian,27,24,2024-09-21
Northern Colorado,Stephen F. Austin,7,48,2024-09-21
Portland State,Boise State,14,56,2024-09-21
Utah Tech,UC Davis,14,32,2024-09-21
Northern Iowa,Hawai'i,7,36,2024-09-21
Holy Cross,Syracuse,14,42,2024-09-28
Dayton,Marist,47,14,2024-09-28
Harvard,Brown,28,31,2024-09-28
Bucknell,Lehigh,38,35,2024-09-28
Columbia,Georgetown,17,20,2024-09-28
Fordham,Monmouth,21,63,2024-09-28
Houston Christian,Indiana State,27,24,2024-09-28
San Diego,Drake,28,30,2024-09-28
Valparaiso,Morehead State,5,17,2024-09-28
Dartmouth,Merrimack,16,14,2024-09-28
Virginia Lynchburg,Butler,0,63,2024-09-28
Colgate,Pennsylvania,17,27,2024-09-28
Frostburg State,Mercyhurst,25,24,2024-09-28
Richmond,Elon,27,17,2024-09-28
Delaware State,Campbell,41,44,2024-09-28
North Alabama,West Georgia,25,16,2024-09-28
Southern Utah,Austin Peay,28,17,2024-09-28
Robert Morris,Eastern Kentucky,7,31,2024-09-28
Murray State,North Dakota,35,72,2024-09-28
Southern Illinois,South Dakota,13,42,2024-09-28
Yale,Cornell,23,47,2024-09-28
Lindenwood,Eastern Illinois,28,25,2024-09-28
Cal Poly,Northern Colorado,28,7,2024-09-28
Mercer,Wofford,22,3,2024-09-28
North Dakota State,Illinois State,42,10,2024-09-28
Youngstown State,Missouri State,31,38,2024-09-28
Alabama State,Bethune-Cookman,26,21,2024-09-28
Howard,Princeton,13,30,2024-09-28
North Carolina Central,Norfolk State,37,10,2024-09-28
Maine,UAlbany,34,20,2024-09-28
Sacred Heart,Delaware,0,49,2024-09-28
Morgan State,Stony Brook,3,22,2024-09-28
Tennessee Tech,Gardner-Webb,52,21,2024-09-28
Sacramento State,Northern Arizona,16,34,2024-09-28
Northwestern State,Southeast Missouri State,0,19,2024-09-28
East Tennessee State,The Citadel,34,17,2024-09-28
Hampton,William & Mary,7,49,2024-09-28
North Carolina A&T,South Carolina State,25,45,2024-09-28
Long Island University,Villanova,10,24,2024-09-28
Charleston Southern,Tennessee State,9,13,2024-09-28
Montana State,Idaho State,37,17,2024-09-28
UT Martin,Kennesaw State,24,13,2024-09-28
Wagner,Florida Atlantic,10,41,2024-09-28
Lamar,Central Arkansas,14,34,2024-09-28
Portland State,Chattanooga,30,45,2024-09-28
Prairie View A&M,Grambling,36,34,2024-09-28
Jackson State,Texas Southern,43,14,2024-09-28
Alcorn State,Mississippi Valley State,42,21,2024-09-28
SE Louisiana,Tarleton State,33,36,2024-09-28
McKendree,Western Illinois,32,49,2024-09-28
Montana,Eastern Washington,52,49,2024-09-28
McNeese,Weber State,28,26,2024-09-28
Abilene Christian,Utah Tech,55,30,2024-09-28
Idaho,UC Davis,26,28,2024-09-28
Samford,Furman,,,2024-09-28
Presbyterian,Davidson,37,48,2024-09-29
New Hampshire,Harvard,23,28,2024-10-04
Bryant,Brown,42,35,2024-10-05
Princeton,Columbia,17,34,2024-10-05
Central Connecticut,Yale,22,23,2024-10-05
Delaware,Monmouth,42,35,2024-10-05
UAlbany,Cornell,31,10,2024-10-05
Drake,Valparaiso,27,3,2024-10-05
Marist,Davidson,19,42,2024-10-05
Morehead State,Butler,6,40,2024-10-05
Pennsylvania,Dartmouth,17,20,2024-10-05
St. Francis (PA),Delaware State,28,17,2024-10-05
Lincoln (PA),Morgan State,0,41,2024-10-05
Norfolk State,Sacred Heart,3,10,2024-10-05
Long Island University,Duquesne,21,47,2024-10-05
Lafayette,Fordham,28,23,2024-10-05
Holy Cross,Colgate,38,7,2024-10-05
Wagner,Stonehill,28,7,2024-10-05
Buffalo State,Mercyhurst,0,55,2024-10-05
Rhode Island,Hampton,46,44,2024-10-05
North Carolina A&T,Richmond,17,20,2024-10-05
Austin Peay,West Georgia,20,16,2024-10-05
Gardner-Webb,UT Martin,17,35,2024-10-05
Tennessee State,Lindenwood,24,20,2024-10-05
Indiana State,Youngstown State,14,21,2024-10-05
Furman,The Citadel,17,16,2024-10-05
Stetson,St. Thomas-Minnesota,24,34,2024-10-05
Wofford,Western Carolina,17,21,2024-10-05
South Carolina State,Tennessee Tech,22,20,2024-10-05
Southeast Missouri State,Eastern Illinois,38,27,2024-10-05
Weber State,Montana,55,48,2024-10-05
South Dakota,Murray State,59,0,2024-10-05
Florida A&M,Alabama State,28,13,2024-10-05
Arkansas-Pine Bluff,Alcorn State,28,38,2024-10-05
VMI,Samford,3,27,2024-10-05
Virginia Lynchburg,Texas Southern,10,28,2024-10-05
Villanova,Stony Brook,42,24,2024-10-05
Chattanooga,East Tennessee State,17,10,2024-10-05
North Dakota,North Dakota State,17,41,2024-10-05
North Carolina Central,Campbell,45,14,2024-10-05
Central Arkansas,Abilene Christian,34,41,2024-10-05
Western Illinois,Charleston Southern,31,20,2024-10-05
Northern Colorado,Montana State,17,55,2024-10-05
UC Davis,Portland State,27,26,2024-10-05
Presbyterian,San Diego,21,27,2024-10-05
Utah Tech,North Alabama,14,60,2024-10-05
Northern Arizona,Idaho,17,23,2024-10-05
South Dakota State,Northern Iowa,41,3,2024-10-05
Alabama A&M,Jackson State,38,45,2024-10-05
William & Mary,Towson,27,34,2024-10-05
McNeese,Houston Christian,22,43,2024-10-05
East Texas A&M,SE Louisiana,9,21,2024-10-05
Illinois State,Southern Illinois,45,10,2024-10-05
Prairie View A&M,Incarnate Word,28,56,2024-10-05
Nicholls,Southern,51,7,2024-10-05
Tarleton State,Southern Utah,38,37,2024-10-05
Idaho State,Cal Poly,41,38,2024-10-05
Northwestern State,Stephen F. Austin,17,59,2024-10-05
Harvard,Cornell,38,20,2024-10-11
Prairie View A&M,Arkansas-Pine Bluff,17,21,2024-10-11
Davidson,Dayton,14,16,2024-10-12
St. Thomas-Minnesota,Marist,39,32,2024-10-12
Dartmouth,Yale,44,43,2024-10-12
Columbia,Wagner,24,6,2024-10-12
Mercyhurst,Central Connecticut,20,38,2024-10-12
Duquesne,St. Francis (PA),38,7,2024-10-12
Stonehill,Long Island University,7,31,2024-10-12
Georgetown,Lafayette,17,0,2024-10-12
UAlbany,Bryant,24,17,2024-10-12
Maine,Delaware,21,44,2024-10-12
Brown,Rhode Island,21,31,2024-10-12
Missouri State,Illinois State,41,7,2024-10-12
Murray State,Indiana State,27,31,2024-10-12
Fordham,Holy Cross,16,19,2024-10-12
Bucknell,Pennsylvania,21,31,2024-10-12
Sacred Heart,Howard,14,21,2024-10-12
VMI,Wofford,16,31,2024-10-12
New Hampshire,Elon,17,10,2024-10-12
Towson,Norfolk State,28,23,2024-10-12
Chattanooga,Furman,41,10,2024-10-12
Charleston Southern,Lindenwood,14,29,2024-10-12
Butler,Drake,17,27,2024-10-12
Presbyterian,Morehead State,7,14,2024-10-12
Virginia Lynchburg,North Carolina Central,0,68,2024-10-12
The Citadel,Western Carolina,16,30,2024-10-12
East Texas A&M,Northwestern State,42,21,2024-10-12
North Dakota State,Southern Illinois,24,3,2024-10-12
Youngstown State,South Dakota State,13,63,2024-10-12
Bethune-Cookman,Alabama A&M,12,56,2024-10-12
Mississippi Valley State,Alabama State,17,54,2024-10-12
Alcorn State,Grambling,17,15,2024-10-12
Delaware State,Robert Morris,0,23,2024-10-12
Merrimack,Morgan State,32,24,2024-10-12
Northern Iowa,South Dakota,17,42,2024-10-12
SE Louisiana,Houston Christian,37,7,2024-10-12
Samford,East Tennessee State,28,31,2024-10-12
Princeton,Mercer,7,34,2024-10-12
Tennessee Tech,Southeast Missouri State,3,34,2024-10-12
UT Martin,Western Illinois,45,17,2024-10-12
Northern Arizona,Montana,20,31,2024-10-12
Stephen F. Austin,Lamar,27,20,2024-10-12
Eastern Kentucky,Southern Utah,21,42,2024-10-12
West Georgia,Central Arkansas,33,34,2024-10-12
Eastern Illinois,Tennessee State,17,41,2024-10-12
Portland State,Idaho State,42,38,2024-10-12
Abilene Christian,North Alabama,34,47,2024-10-12
Utah Tech,Tarleton State,0,42,2024-10-12
Nicholls,Incarnate Word,10,55,2024-10-12
Cal Poly,UC Davis,10,56,2024-10-12
Southern,Texas Southern,22,19,2024-10-12
Northern Colorado,Weber State,21,17,2024-10-12
Eastern Washington,Sacramento State,35,28,2024-10-12
Idaho,Montana State,7,38,2024-10-12
Valparaiso,Stetson,,,2024-10-12
Brown,Princeton,17,29,2024-10-18
Northwestern State,Nicholls,0,20,2024-10-19
Holy Cross,Harvard,34,35,2024-10-19
Long Island University,Robert Morris,31,45,2024-10-19
Lehigh,Yale,23,38,2024-10-19
St. Francis (PA),Wagner,0,14,2024-10-19
Sacred Heart,Lafayette,17,31,2024-10-19
Villanova,Maine,7,35,2024-10-19
Hampton,North Carolina A&T,59,17,2024-10-19
Stony Brook,Towson,52,24,2024-10-19
Rhode Island,New Hampshire,26,9,2024-10-19
Bryant,Monmouth,17,55,2024-10-19
Dayton,Butler,21,14,2024-10-19
Drake,Presbyterian,19,16,2024-10-19
Stetson,Davidson,48,70,2024-10-19
Central Connecticut,Dartmouth,16,20,2024-10-19
Columbia,Pennsylvania,23,17,2024-10-19
Cornell,Bucknell,34,21,2024-10-19
Stonehill,Merrimack,28,48,2024-10-19
Georgetown,Colgate,28,38,2024-10-19
Wofford,Chattanooga,5,37,2024-10-19
Lindenwood,Gardner-Webb,35,42,2024-10-19
The Citadel,VMI,13,10,2024-10-19
Shorter,West Georgia,13,41,2024-10-19
Northern Iowa,North Dakota,7,31,2024-10-19
Western Carolina,Furman,52,20,2024-10-19
St. Thomas-Minnesota,Valparaiso,42,14,2024-10-19
Fort Valley State,South Carolina State,3,30,2024-10-19
Mercer,Samford,35,55,2024-10-19
Illinois State,Murray State,40,32,2024-10-19
Indiana State,Missouri State,21,46,2024-10-19
Arkansas-Pine Bluff,Grambling,21,31,2024-10-19
Bethune-Cookman,Mississippi Valley State,20,10,2024-10-19
Campbell,William & Mary,28,35,2024-10-19
Delaware,Richmond,9,28,2024-10-19
Elon,UAlbany,30,14,2024-10-19
Florida A&M,Jackson State,21,35,2024-10-19
Tennessee State,Howard,27,14,2024-10-19
Austin Peay,Utah Tech,13,7,2024-10-19
Eastern Kentucky,Abilene Christian,20,34,2024-10-19
Southeast Missouri State,Charleston Southern,26,13,2024-10-19
Tennessee Tech,Western Illinois,21,37,2024-10-19
Cal Poly,Idaho,29,34,2024-10-19
Idaho State,Northern Arizona,26,30,2024-10-19
Montana State,Portland State,44,14,2024-10-19
Lamar,East Texas A&M,29,20,2024-10-19
McNeese,Incarnate Word,17,30,2024-10-19
Marist,San Diego,6,34,2024-10-19
Stephen F. Austin,SE Louisiana,23,24,2024-10-19
South Dakota,Youngstown State,27,17,2024-10-19
UC Davis,Eastern Washington,48,38,2024-10-19
Alcorn State,Southern,14,24,2024-10-19
South Dakota State,North Dakota State,9,13,2024-10-19
Weber State,Sacramento State,48,51,2024-10-19
Yale,Pennsylvania,31,10,2024-10-25
Richmond,Bryant,41,14,2024-10-26
Morehead State,Dayton,14,6,2024-10-26
Valparaiso,Marist,17,14,2024-10-26
Cornell,Brown,21,23,2024-10-26
Central Connecticut,Long Island University,21,24,2024-10-26
Colgate,Merrimack,17,51,2024-10-26
Fordham,Lehigh,19,33,2024-10-26
Mercyhurst,Sacred Heart,14,31,2024-10-26
Maine,Rhode Island,14,24,2024-10-26
Towson,Monmouth,26,14,2024-10-26
Southern Illinois,Indiana State,17,20,2024-10-26
Butler,Davidson,48,38,2024-10-26
Presbyterian,Stetson,42,14,2024-10-26
San Diego,St. Thomas-Minnesota,14,34,2024-10-26
Duquesne,Stonehill,48,34,2024-10-26
Dartmouth,Columbia,24,21,2024-10-26
Holy Cross,Lafayette,34,28,2024-10-26
Elon,Hampton,21,41,2024-10-26
Southern Utah,West Georgia,28,17,2024-10-26
East Tennessee State,Wofford,24,7,2024-10-26
North Dakota State,Murray State,59,6,2024-10-26
Samford,The Citadel,11,28,2024-10-26
Howard,Norfolk State,20,21,2024-10-26
St. Francis (PA),Robert Morris,0,17,2024-10-26
Bucknell,Georgetown,20,21,2024-10-26
Charleston Southern,Tennessee Tech,23,28,2024-10-26
UAlbany,Delaware,14,28,2024-10-26
Utah Tech,Eastern Kentucky,17,28,2024-10-26
Eastern Illinois,UT Martin,17,52,2024-10-26
Gardner-Webb,Southeast Missouri State,24,30,2024-10-26
Western Illinois,Lindenwood,38,49,2024-10-26
Lamar,Northwestern State,42,10,2024-10-26
Montana,Northern Colorado,24,0,2024-10-26
Mississippi Valley State,Arkansas-Pine Bluff,21,35,2024-10-26
Jackson State,Bethune-Cookman,37,17,2024-10-26
Princeton,Harvard,13,45,2024-10-26
East Texas A&M,Prairie View A&M,27,34,2024-10-26
New Hampshire,Villanova,6,14,2024-10-26
William & Mary,Stony Brook,13,35,2024-10-26
Western Carolina,Mercer,34,44,2024-10-26
Alabama State,Alabama A&M,27,19,2024-10-26
Wagner,Massachusetts,7,35,2024-10-26
Delaware State,South Carolina State,35,69,2024-10-26
Morgan State,North Carolina Central,7,16,2024-10-26
North Carolina A&T,Campbell,7,21,2024-10-26
Tarleton State,Austin Peay,27,17,2024-10-26
VMI,Chattanooga,10,31,2024-10-26
McNeese,Nicholls,19,24,2024-10-26
North Alabama,Central Arkansas,19,24,2024-10-26
Missouri State,Northern Iowa,49,42,2024-10-26
Sacramento State,Idaho State,27,30,2024-10-26
North Dakota,Youngstown State,40,41,2024-10-26
Incarnate Word,SE Louisiana,34,31,2024-10-26
Southern,Florida A&M,6,24,2024-10-26
Grambling,Texas Southern,17,24,2024-10-26
Houston Christian,Stephen F. Austin,6,55,2024-10-26
South Dakota,South Dakota State,17,20,2024-10-26
Eastern Washington,Idaho,28,38,2024-10-26
North Carolina Central,South Carolina State,21,24,2024-10-31
Yale,Columbia,10,13,2024-11-01
Maine,Oklahoma,14,59,2024-11-02
Pennsylvania,Brown,38,28,2024-11-02
Wagner,Central Connecticut,14,24,2024-11-02
Mercyhurst,Duquesne,24,31,2024-11-02
Merrimack,Robert Morris,0,6,2024-11-02
Lehigh,Georgetown,43,6,2024-11-02
William & Mary,North Carolina A&T,45,7,2024-11-02
Villanova,Hampton,20,14,2024-11-02
Stony Brook,Bryant,31,30,2024-11-02
Monmouth,Rhode Island,28,37,2024-11-02
New Hampshire,UAlbany,31,14,2024-11-02
North Dakota,Indiana State,31,35,2024-11-02
Dayton,Presbyterian,7,28,2024-11-02
Stetson,Butler,13,46,2024-11-02
St. Thomas-Minnesota,Morehead State,7,21,2024-11-02
Cornell,Princeton,49,35,2024-11-02
Delaware State,Howard,0,38,2024-11-02
Norfolk State,Morgan State,37,38,2024-11-02
Lafayette,Bucknell,14,21,2024-11-02
Stonehill,St. Francis (PA),0,34,2024-11-02
Colgate,Fordham,14,20,2024-11-02
Furman,VMI,17,21,2024-11-02
Harvard,Dartmouth,31,27,2024-11-02
Towson,Richmond,24,35,2024-11-02
Campbell,Elon,27,50,2024-11-02
Gardner-Webb,Charleston Southern,17,14,2024-11-02
Marist,Drake,0,19,2024-11-02
Lincoln (CA),West Georgia,12,88,2024-11-02
Chattanooga,Western Carolina,34,38,2024-11-02
Lindenwood,Tennessee Tech,10,52,2024-11-02
Western Illinois,Eastern Illinois,38,45,2024-11-02
Houston Christian,Incarnate Word,20,45,2024-11-02
East Tennessee State,Mercer,31,37,2024-11-02
Wofford,Samford,17,13,2024-11-02
Youngstown State,Illinois State,16,23,2024-11-02
Southern Illinois,Missouri State,17,38,2024-11-02
Murray State,South Dakota State,6,52,2024-11-02
Southern,Alabama A&M,25,20,2024-11-02
Arkansas-Pine Bluff,Jackson State,3,41,2024-11-02
Grambling,Bethune-Cookman,21,24,2024-11-02
Prairie View A&M,Mississippi Valley State,17,16,2024-11-02
Northern Iowa,North Dakota State,19,42,2024-11-02
Central Arkansas,Utah Tech,21,34,2024-11-02
Southern Utah,Abilene Christian,25,28,2024-11-02
SE Louisiana,Lamar,30,27,2024-11-02
Montana State,Eastern Washington,42,28,2024-11-02
Weber State,Northern Arizona,6,27,2024-11-02
Northern Colorado,UC Davis,7,59,2024-11-02
Texas Southern,Florida A&M,28,52,2024-11-02
Davidson,San Diego,13,40,2024-11-02
Stephen F. Austin,Nicholls,28,12,2024-11-02
Austin Peay,North Alabama,31,17,2024-11-02
Montana,Cal Poly,42,7,2024-11-02
Alcorn State,Alabama State,17,21,2024-11-02
UT Martin,Tennessee State,28,21,2024-11-02
Eastern Kentucky,Tarleton State,17,13,2024-11-02
East Texas A&M,McNeese,3,31,2024-11-02
Portland State,Sacramento State,58,38,2024-11-02
Dartmouth,Princeton,26,17,2024-11-08
Lincoln (CA),Mercyhurst,0,66,2024-11-09
Western Carolina,East Tennessee State,21,24,2024-11-09
San Diego,Dayton,16,10,2024-11-09
Brown,Yale,34,56,2024-11-09
Columbia,Harvard,6,26,2024-11-09
Morgan State,Delaware State,36,28,2024-11-09
Robert Morris,Duquesne,6,31,2024-11-09
Long Island University,Sacred Heart,28,7,2024-11-09
Lehigh,Holy Cross,10,7,2024-11-09
UAlbany,Stony Brook,6,24,2024-11-09
Bryant,Maine,26,38,2024-11-09
Rhode Island,Delaware,21,24,2024-11-09
Elon,William & Mary,40,36,2024-11-09
Hampton,Towson,10,27,2024-11-09
Monmouth,New Hampshire,20,33,2024-11-09
North Carolina A&T,Villanova,3,31,2024-11-09
Northwestern State,SE Louisiana,0,41,2024-11-09
Youngstown State,Southern Illinois,33,37,2024-11-09
Marist,Stetson,40,31,2024-11-09
Morehead State,Davidson,14,31,2024-11-09
Pennsylvania,Cornell,67,49,2024-11-09
Central Connecticut,Stonehill,21,17,2024-11-09
Lafayette,Colgate,21,20,2024-11-09
Fordham,Bucknell,27,28,2024-11-09
Eastern Illinois,Gardner-Webb,28,31,2024-11-09
Mercer,VMI,34,0,2024-11-09
Tarleton State,West Georgia,38,21,2024-11-09
Central Arkansas,Eastern Kentucky,24,31,2024-11-09
Chattanooga,The Citadel,31,7,2024-11-09
UT Martin,Charleston Southern,40,14,2024-11-09
Southeast Missouri State,Lindenwood,12,24,2024-11-09
Tennessee State,Western Illinois,45,20,2024-11-09
Eastern Washington,Northern Colorado,43,15,2024-11-09
Wofford,Furman,19,13,2024-11-09
Illinois State,Northern Iowa,31,9,2024-11-09
Indiana State,South Dakota,0,49,2024-11-09
Missouri State,Murray State,59,31,2024-11-09
South Dakota State,North Dakota,38,7,2024-11-09
Butler,Valparaiso,24,17,2024-11-09
Drake,St. Thomas-Minnesota,22,19,2024-11-09
North Alabama,Southern Utah,26,38,2024-11-09
Nicholls,Houston Christian,21,24,2024-11-09
Lamar,Incarnate Word,20,41,2024-11-09
Idaho State,Weber State,43,35,2024-11-09
Sacramento State,Montana State,7,49,2024-11-09
Alabama A&M,Arkansas-Pine Bluff,52,24,2024-11-09
Alabama State,Grambling,23,24,2024-11-09
Bethune-Cookman,Southern,23,25,2024-11-09
Florida A&M,Prairie View A&M,12,31,2024-11-09
Mississippi Valley State,Jackson State,14,51,2024-11-09
Texas Southern,Alcorn State,21,42,2024-11-09
Tennessee Tech,Samford,27,7,2024-11-09
Richmond,Campbell,27,24,2024-11-09
South Carolina State,Howard,38,14,2024-11-09
Abilene Christian,Austin Peay,35,34,2024-11-09
Idaho,Portland State,39,30,2024-11-09
Stephen F. Austin,East Texas A&M,14,19,2024-11-09
Northern Arizona,Cal Poly,31,14,2024-11-09
UC Davis,Montana,30,14,2024-11-09
Grambling,Alabama A&M,17,22,2024-11-14
Howard,North Carolina Central,3,26,2024-11-15
Mercer,Alabama,7,52,2024-11-16
Richmond,Hampton,24,21,2024-11-16
Villanova,Monmouth,33,40,2024-11-16
North Carolina A&T,Towson,13,31,2024-11-16
Furman,East Tennessee State,24,21,2024-11-16
Northern Iowa,Youngstown State,38,39,2024-11-16
Presbyterian,Marist,42,23,2024-11-16
Valparaiso,Dayton,14,26,2024-11-16
Princeton,Yale,28,42,2024-11-16
Columbia,Brown,21,12,2024-11-16
Delaware State,Norfolk State,19,38,2024-11-16
Robert Morris,Central Connecticut,33,35,2024-11-16
Wagner,Duquesne,21,42,2024-11-16
St. Francis (PA),Long Island University,34,27,2024-11-16
Sacred Heart,Merrimack,31,20,2024-11-16
Colgate,Lehigh,17,45,2024-11-16
Bucknell,Holy Cross,38,40,2024-11-16
Stonehill,Lafayette,10,42,2024-11-16
UAlbany,Rhode Island,17,20,2024-11-16
Bryant,William & Mary,12,22,2024-11-16
Campbell,Delaware,22,41,2024-11-16
Stony Brook,New Hampshire,30,31,2024-11-16
Charleston Southern,Eastern Illinois,13,16,2024-11-16
Illinois State,Indiana State,31,19,2024-11-16
South Dakota,North Dakota,42,36,2024-11-16
Mississippi Valley State,Florida A&M,24,21,2024-11-16
VMI,Western Carolina,28,58,2024-11-16
Morehead State,Drake,29,20,2024-11-16
St. Thomas-Minnesota,Butler,20,36,2024-11-16
Harvard,Pennsylvania,31,28,2024-11-16
Dartmouth,Cornell,22,39,2024-11-16
Georgetown,Fordham,3,31,2024-11-16
Murray State,Kentucky,6,48,2024-11-16
Samford,Chattanooga,36,13,2024-11-16
Tennessee State,Gardner-Webb,23,20,2024-11-16
The Citadel,Wofford,30,17,2024-11-16
Maine,Elon,25,31,2024-11-16
Eastern Kentucky,Austin Peay,30,27,2024-11-16
Western Illinois,Southeast Missouri State,45,54,2024-11-16
Tennessee Tech,UT Martin,10,9,2024-11-16
Houston Christian,East Texas A&M,40,41,2024-11-16
McNeese,Northwestern State,35,3,2024-11-16
Northern Arizona,Northern Colorado,44,3,2024-11-16
Portland State,Montana,17,28,2024-11-16
Southern Illinois,South Dakota State,10,41,2024-11-16
Jackson State,Alabama State,16,10,2024-11-16
Arkansas-Pine Bluff,Southern,9,31,2024-11-16
Bethune-Cookman,Texas Southern,14,17,2024-11-16
Alcorn State,Prairie View A&M,26,13,2024-11-16
Incarnate Word,Stephen F. Austin,27,20,2024-11-16
Missouri State,North Dakota State,21,59,2024-11-16
West Georgia,Utah Tech,34,31,2024-11-16
Nicholls,Lamar,7,24,2024-11-16
Idaho State,Eastern Washington,42,77,2024-11-16
Stetson,San Diego,6,45,2024-11-16
South Carolina State,Morgan State,54,7,2024-11-16
Sacramento State,Cal Poly,23,26,2024-11-16
Southern Utah,Central Arkansas,38,31,2024-11-16
Abilene Christian,Tarleton State,35,31,2024-11-16
Weber State,Idaho,24,31,2024-11-16
Montana State,UC Davis,30,28,2024-11-16
SE Louisiana,Nicholls,19,16,2024-11-21
The Citadel,Clemson,14,51,2024-11-23
Wofford,South Carolina,12,56,2024-11-23
William & Mary,Richmond,0,27,2024-11-23
East Tennessee State,VMI,16,9,2024-11-23
Yale,Harvard,34,29,2024-11-23
Brown,Dartmouth,28,56,2024-11-23
Cornell,Columbia,9,17,2024-11-23
Duquesne,Central Connecticut,14,21,2024-11-23
Long Island University,Wagner,35,28,2024-11-23
Stonehill,Robert Morris,13,31,2024-11-23
Lafayette,Lehigh,14,38,2024-11-23
Holy Cross,Georgetown,34,0,2024-11-23
New Hampshire,Maine,27,9,2024-11-23
Delaware,Villanova,28,38,2024-11-23
Elon,North Carolina A&T,31,21,2024-11-23
Monmouth,Stony Brook,55,47,2024-11-23
Hampton,UAlbany,34,41,2024-11-23
Rhode Island,Bryant,35,21,2024-11-23
Eastern Illinois,Tennessee Tech,6,23,2024-11-23
North Dakota,Illinois State,13,35,2024-11-23
Murray State,Southern Illinois,0,62,2024-11-23
Alabama A&M,Mississippi Valley State,49,35,2024-11-23
Butler,Presbyterian,27,30,2024-11-23
Drake,Stetson,49,10,2024-11-23
San Diego,Morehead State,37,14,2024-11-23
Pennsylvania,Princeton,17,20,2024-11-23
North Carolina Central,Delaware State,52,10,2024-11-23
Howard,Morgan State,21,35,2024-11-23
Merrimack,Fordham,19,3,2024-11-23
St. Francis (PA),Mercyhurst,20,21,2024-11-23
Colgate,Bucknell,34,48,2024-11-23
Charleston Southern,Florida State,7,41,2024-11-23
Norfolk State,South Carolina State,21,53,2024-11-23
Towson,Campbell,45,23,2024-11-23
North Alabama,Eastern Kentucky,15,21,2024-11-23
Chattanooga,Austin Peay,24,17,2024-11-23
Gardner-Webb,Western Illinois,28,45,2024-11-23
Incarnate Word,East Texas A&M,38,24,2024-11-23
Montana,Montana State,11,34,2024-11-23
Indiana State,Northern Iowa,34,41,2024-11-23
North Dakota State,South Dakota,28,29,2024-11-23
Davidson,Valparaiso,17,18,2024-11-23
Dayton,St. Thomas-Minnesota,9,32,2024-11-23
Central Arkansas,Tarleton State,14,39,2024-11-23
Utah Tech,Southern Utah,34,37,2024-11-23
Lindenwood,UT Martin,26,33,2024-11-23
Northwestern State,Houston Christian,24,62,2024-11-23
Cal Poly,Weber State,17,28,2024-11-23
Eastern Washington,Northern Arizona,18,30,2024-11-23
Furman,Mercer,23,49,2024-11-23
South Dakota State,Missouri State,45,9,2024-11-23
Prairie View A&M,Alabama State,6,9,2024-11-23
Texas Southern,Arkansas-Pine Bluff,31,23,2024-11-23
Jackson State,Alcorn State,48,10,2024-11-23
Western Carolina,Samford,47,42,2024-11-23
Abilene Christian,Stephen F. Austin,19,32,2024-11-23
Florida A&M,Bethune-Cookman,41,38,2024-11-23
Northern Colorado,Portland State,13,45,2024-11-23
Southeast Missouri State,Tennessee State,21,28,2024-11-23
UC Davis,Sacramento State,42,39,2024-11-23
Idaho,Idaho State,40,17,2024-11-23
Lamar,McNeese,26,24,2024-11-23
Tuskegee,Alabama State,6,34,2024-11-28
Alabama A&M,Florida A&M,20,28,2024-11-29
Illinois State,Southeast Missouri State,35,27,2024-11-30
Central Connecticut,Rhode Island,17,21,2024-11-30
UT Martin,New Hampshire,41,10,2024-11-30
Grambling,Southern,14,24,2024-11-30
Lehigh,Richmond,20,16,2024-11-30
Eastern Kentucky,Villanova,17,22,2024-11-30
Drake,Tarleton State,29,43,2024-11-30
Northern Arizona,Abilene Christian,0,24,2024-11-30
Tennessee State,Montana,27,41,2024-11-30
Southern,Jackson State,13,41,2024-12-07
Montana,South Dakota State,18,35,2024-12-07
Villanova,Incarnate Word,6,13,2024-12-07
Rhode Island,Mercer,10,17,2024-12-07
UT Martin,Montana State,17,49,2024-12-07
Abilene Christian,North Dakota State,31,51,2024-12-07
Tarleton State,South Dakota,31,42,2024-12-07
Illinois State,UC Davis,10,42,2024-12-07
Lehigh,Idaho,13,34,2024-12-07
Idaho,Montana State,19,52,2024-12-13
Incarnate Word,South Dakota State,14,55,2024-12-14
UC Davis,South Dakota,21,35,2024-12-14
Mercer,North Dakota State,7,31,2024-12-14
Jackson State,South Carolina State,28,7,2024-12-14
South Dakota State,North Dakota State,21,28,2024-12-21
South Dakota,Montana State,17,31,2024-12-21
Indiana,Notre Dame,17,27,2024-12-20
Clemson,Texas,24,38,2024-12-21
SMU,Penn State,10,38,2024-12-21
Tennessee,Ohio State,17,42,2024-12-21